PumpGroup,NameGroup,Source,CIVM,Treatment,Animal_ID,Genotype,Sex,DOB,Weight,Perfusion ,Age_Months,Age_Imaging,Age_Years,Age_Label,Specimens ID,DWI,GRE,T1,T2,Notes,AgeExVivoMRI,Diet
1,original_2019_scans,In House,190610_1,Control,190610_1,APOE44,male,4/2/14,30.7,8/8/15,16.2,16,1.35,,190610_1:1,N57437,N57439,,,,16.2,Control
2,original_2019_scans,In House,190610_6,Control,190610_6,APOE44,female,4/2/14,25.6,8/8/15,16.2,16,1.35,,190610_6:1,N57442,N57443,140,28,,16.2,Control
3,original_2019_scans,In House,190610_2,Control,190610_2,APOE44,male,4/2/14,32.1,8/8/15,16.2,16,1.35,,190610_2:1,N57446,N57445,140,25,,16.2,Control
4,original_2019_scans,In House,190610_7,Control,190610_7,APOE44,female,4/2/14,28.7,8/8/15,16.2,16,1.35,,190610_7:1,N57447,N57448,115,26,,16.2,Control
5,original_2019_scans,In House,190610_3,Control,190610_3,APOE44,male,4/2/14,31.6,8/8/15,16.2,16,1.35,,190610_3:1,N57449,N57450,115,26,,16.2,Control
6,original_2019_scans,In House,190610_8,Control,190610_8,APOE44,female,4/2/14,25.7,8/8/15,16.2,16,1.35,,190610_8:1,N57451,N57517,117,28,,16.2,Control
7,original_2019_scans,In House,190715_7,Control,190715_7,APOE22,female,5/25/14,27.5,9/12/15,15.57,16,1.3,,190715_7:1,N57496,N57497,102,22,,15.57,Control
8,original_2019_scans,In House,190715_6,Control,190715_6,APOE22,male,5/25/14,30.3,9/12/15,15.57,16,1.3,,190715_6:1,N57498,N57499,115,23,,15.57,Control
9,original_2019_scans,In House,190715_8,Control,190715_8,APOE22,female,5/25/14,28,9/12/15,15.57,16,1.3,,190715_8:1,N57500,N57501,108,22,,15.57,Control
10,original_2019_scans,In House,190715_9,Control,190715_9,APOE22,male,5/25/14,29.3,9/12/15,15.57,16,1.3,,190715_9:1,N57502,N57503,114,24,,15.57,Control
11,original_2019_scans,In House,190715_10,Control,190715_10,APOE22,male,4/25/14,32.3,9/12/15,16.57,17,1.38,,190715_10:1,N57513,N57514,112,24,,16.57,Control
12,original_2019_scans,In House,190610_4,Control,190610_4,APOE44,male,4/2/14,30.6,8/8/15,16.2,16,1.35,,190610_4:1,N57515,N57516,114,26,,16.2,Control
13,original_2019_scans,In House,190610_9,Control,190610_9,APOE44,female,4/2/14,24.6,8/8/15,16.2,16,1.35,,190610_9:1,N57518,N57519,114,28,,16.2,Control
14,original_2019_scans,In House,190610_5,Control,190610_5,APOE44,male,4/2/14,32.2,8/8/15,16.2,16,1.35,,190610_5:1,N57520,N57521,111,26,,16.2,Control
15,original_2019_scans,In House,190610_10,Control,190610_10,APOE44,female,4/2/14,29.6,8/8/15,16.2,16,1.35,,190610_10:1,N57522,N57523,111,26,,16.2,Control
16,original_2019_scans,In House,190715_1,Control,190715_1,APOE33,male,4/25/14,32.7,9/12/15,16.57,17,1.38,,190715_1:1,N57546,N57547,113,26,,16.57,Control
17,original_2019_scans,In House,190715_2,Control,190715_2,APOE33,male,4/25/14,36.9,9/12/15,16.57,17,1.38,,190715_2:1,N57548,N57549,113,26,,16.57,Control
18,original_2019_scans,In House,190715_3,Control,190715_3,APOE33,male,4/25/14,32.4,9/12/15,16.57,17,1.38,,190715_3:1,N57550,N57551,116,26,,16.57,Control
19,original_2019_scans,In House,190715_5,Control,190715_5,APOE22,male,5/25/14,32,9/12/15,17.73,18,1.48,,190715_5:1,N57552,N57553,115,27,,17.73,Control
20,original_2019_scans,In House,190715_4,Control,190715_4,HN,female,3/20/14,27.8,9/12/15,17.73,18,1.48,,190715_4:1,N57554,N57555,114,26,,17.73,Control
21,original_2019_scans,In House,190909_9,Control,190909_9,HN,male,4/25/14,33.4,10/11/15,17.53,18,1.46,,190909_9:1,N57559,N57560,149,26,,17.53,Control
22,original_2019_scans,In House,190909_10,Control,190909_10,APOE33,female,4/25/14,36.4,10/11/15,17.53,18,1.46,,190909_10:1,N57580,N57581,125,27,,17.53,Control
23,original_2019_scans,In House,190909_11,Control,190909_11,APOE33,female,4/25/14,36.2,10/11/15,17.53,18,1.46,,190909_11:1,N57582,N57583,108,24,,17.53,Control
24,original_2019_scans,In House,190909_12,Control,190909_12,APOE33,female,4/25/14,30.4,10/11/15,17.53,18,1.46,,190909_12:1,N57584,N57585,108,24,,17.53,Control
24,original_2019_scans,In House,190909_13,Control,190909_13,APOE33,male,4/25/14,34,10/11/15,17.53,18,1.46,,190909_13:1,N57587,N57588,114,25,,17.53,Control
25,original_2019_scans,In House,190909_14,Control,190909_14,APOE33,female,4/25/14,28.1,10/9/15,17.47,17,1.46,,190909_14:1,N57590,N57591,111,17,,17.47,Control
26,original_2019_scans,In House,191028_7,Control,191028_7,APOE22,male,8/25/14,28,12/3/15,15.27,15,1.27,,191028_7:1,N57692,N57693,108,24,,15.27,Control
27,original_2019_scans,In House,191028_3,Control,191028_3,APOE22,female,8/25/14,22.3,12/3/15,15.27,15,1.27,,191028_3:1,N57694,N57695,105,24,,15.27,Control
28,original_2019_scans,In House,191028_6,Control,191028_6,APOE22,male,8/25/14,30.3,12/3/15,15.27,15,1.27,,191028_6:1,N57700,N57701,120,26,,15.27,Control
29,original_2019_scans,In House,191028_4,Control,191028_4,APOE22,female,8/25/14,24,12/3/15,15.27,15,1.27,,191028_4:1,N57702,N57703,106,24,,15.27,Control
30,original_2019_scans,In House,191028_5,Control,191028_5,APOE22,female,8/25/14,22.5,12/3/15,15.27,15,1.27,,191028_5:1,N57709,N57710,106,24,,15.27,Control
31,original_2019_scans,In House,190909_10,Control,190909_10,APOE33,male,4/25/14,36.4,10/11/15,17.53,18,1.46,,190909_10:1,N57460,N57461,112,24,,17.53,Control
I,1,In House,200331_14,Control,24,APOE44,male,9/11/14,32.2,4/23/16,19.4,19,1.62,TRUE,200331-14:1,N58302_m00-m48,N58301,115,26,,19.4,Control
I,2,In House,200331_15,Control,25,APOE44,male,9/11/14,34.1,4/23/16,19.4,19,1.62,TRUE,200331-15:1,N58305_m00-m48,N58306,126,25,,19.4,Control
I,3,In House,200331_16,Control,26,APOE44,male,11/5/14,33.4,4/23/16,17.6,18,1.47,TRUE,200331-16:1,N58303_m00-m48,N58304,119,26,,17.6,Control
I,4,In House,200331_17,Control,27,APOE44,female,9/11/14,25.7,4/23/16,19.4,19,1.62,TRUE,200331-17:1,N58309_m00-m48,N58308,110,24,,19.4,Control
I,5,In House,200331_18,Control,28,APOE44,male,9/11/14,32.2,4/23/16,19.4,19,1.62,TRUE,200331-18:1,N58310_m00-m48,N58311,110,26,,19.4,Control
I,6,In House,200331_20,Control,30,APOE44,male,9/11/14,31.9,4/23/16,19.4,19,1.62,TRUE,200331-20:1,N58355_m00-m48,N58358,109,27,,19.4,Control
I,7,In House,200302_10,Control,8,APOE22,male,10/1/14,33.2,4/23/16,18.73,19,1.56,TRUE,200302-10:1,N58344_m00-m48,N58348,104,25,,18.73,Control
I,8,In House,200302_11,Control,9,APOE22,male,10/1/14,34.8,4/23/16,18.73,19,1.56,TRUE,200302-11:1,N58346_m00-m48,N58349,116,25,,18.73,Control
I,9,In House,200302_12,Control,10,APOE22,male,10/1/14,36.5,4/23/16,18.73,19,1.56,TRUE,200302-12:1,N58350_m00-m48,N58356,111,25,,18.73,Control
II,1,In House,200302_3,Control,1,APOE22,male,10/22/14,31,5/7/16,18.5,19,1.54,TRUE,200302-3:1,N58394_m00-m48,N58395,112,28,,18.5,Control
II,2,In House,200302_4,Control,2,APOE22,male,10/22/14,30.8,5/7/16,18.5,19,1.54,TRUE,200302-4:1,N58396_m00-m48,N58397,111,28,,18.5,Control
II,3,In House,200302_5,Control,3,APOE22,male,10/22/14,31.5,5/7/16,18.5,19,1.54,TRUE,200302-5:1,N58398_m00-m48,N58399,112,27,,18.5,Control
II,4,In House,200302_6,Control,4,APOE22,female,10/22/14,27.6,5/7/16,18.5,19,1.54,TRUE,200302-6:1,N58359_m00-m48,N58360,112,26,,18.5,Control
II,5,In House,200302_7,Control,5,APOE22,female,10/22/14,27.3,5/7/16,18.5,19,1.54,TRUE,200302-7:1,N58361_m00-m48,N58362,109,26,,18.5,Control
II,6,In House,200302_8,Control,6,APOE22,female,10/22/14,27.5,5/7/16,18.5,19,1.54,TRUE,200302-8:1,N58404_m00-m48,N58405,107,27,18.5,18.5,Control
II,7,In House,200302_9,Control,7,APOE22,female,10/22/14,28,5/7/16,18.5,19,1.54,TRUE,200302-9:1,N58402_m00-m48,N58403,105,27,18.5,18.5,Control
III,1,In House,200331_1,Control,11,APOE22,female,11/23/14,25.8,5/7/16,17.47,17,1.46,TRUE,200331-1:1,N58516_m00-m48,N58517,97,24,17.47,17.47,Control
III,2,In House,200331_2,Control,12,APOE22,female,11/23/14,25.6,5/28/16,18.17,18,1.51,TRUE,200331-2:1,N58608_m00-m48,N58609,88,25,18.17,18.17,Control
III,3,In House,200331_3,Control,13,APOE22,female,11/23/14,26.9,5/28/16,18.17,18,1.51,TRUE,200331-3:1,N58394_m00-m48,N58395,,,18.17,18.17,Control
III,4,In House,200331_4,Control,14,APOE22,female,11/23/14,27,5/28/16,18.17,18,1.51,TRUE,200331-4:1,N58606m00-m48,N58607,88,25,18.17,18.17,Control
III,5,In House,200331_5,Control,15,APOE22,female,11/23/14,25.9,5/28/16,18.17,18,1.51,TRUE,200331-5:1,N58604m00-m48,N58605,96,25,18.17,18.17,Control
III,6,In House,200331_7,Control,17,APOE22,female,11/23/14,29.3,5/28/16,18.17,18,1.51,TRUE,200331-7:1,N58512_m00-m48,N58513,93,26,18.17,18.17,Control
III,7,In House,200331_8,Control,18,APOE22,female,11/23/14,26.6,5/28/16,18.17,18,1.51,TRUE,200331-8:1,N58477_m00-m48,N58478,95,24,18.17,18.17,Control
III,8,In House,200331_9,Control,19,APOE22,female,11/23/14,27.9,5/28/16,18.17,18,1.51,TRUE,200331-9:1,N58500_m00-m48,N58501,100,25,18.17,18.17,Control
III,9,In House,200331_10,Control,20,APOE22,female,11/23/14,25.7,5/28/16,18.17,18,1.51,TRUE,200331-10:1,N58510_m00-m48,N58511,94,25,18.17,18.17,Control
III,10,In House,200331_11,Control,21,APOE22,male,11/23/14,28.6,5/28/16,18.17,18,1.51,TRUE,200331-11:1,N58406_m00-m48,N58407,104,27,18.17,18.17,Control
III,11,In House,200331_12,Control,22,APOE22,male,11/23/14,30.9,5/28/16,18.17,18,1.51,TRUE,200331-12:1,N58408_m00-m48,N58409,117,27,18.17,18.17,Control
III,12,In House,200331_13,Control,23,APOE22,male,11/23/14,26.6,5/28/16,18.17,18,1.51,TRUE,200331-13:1,N58514_m00-m48,N58515,95,27,18.17,18.17,Control
IV,1,In House,201015_1           ,Control,?,APOE33HN,male,12/11/15,32,10/14/16,10.1,10,0.84,FALSE,201015-1:1,N58655_m00-m48,N58667,99,24,10.1,10.1,Control
IX,1,In House,210624_1,Control,210503_1,APOE33,male,10/12/15,33.5,6/30/17,20.6,21,1.72,TRUE,210624-1:1,,,,,,20.6,Control
IX,2,In House,210624_2,Control,210503_2,APOE33,male,10/12/15,39,6/30/17,20.6,21,1.72,TRUE,210624-2:1,,,,,,20.6,Control
IX,3,In House,210624_3,Control,210503_3,APOE33,male,10/12/15,40.3,6/30/17,20.6,21,1.72,TRUE,210624-3:1,,,,,,20.6,Control
IX,4,In House,210624_4,Control,210503_4,APOE33,male,11/1/15,31.3,6/30/17,19.97,20,1.66,TRUE,210624-4:1,,,,,,19.97,Control
IX,5,In House,210624_5,Control,210503_5,APOE33,male,11/1/15,33.3,6/30/17,19.97,20,1.66,TRUE,210624-5:1,,,,,,19.97,Control
IX,6,In House,210624_6,Control,210503_6,APOE33,male,11/1/15,32.9,6/30/17,19.97,20,1.66,TRUE,210624-6:1,,,,,,19.97,Control
IX,7,In House,210624_7,Control,210503_7,APOE33,female,11/1/15,27.5,6/30/17,19.97,20,1.66,TRUE,210624-7:1,,,,,,19.97,Control
IX,8,In House,210624_8,Control,210503_8,APOE33,female,11/1/15,32.1,6/30/17,19.97,20,1.66,TRUE,210624-8:1,,,,,,19.97,Control
IX,9,In House,210624_9,Control,210503_9,APOE33,female,11/1/15,30.3,6/30/17,19.97,20,1.66,TRUE,210624-9:1,,,,,,19.97,Control
IX,10,In House,210624_10,Control,210503_11,APOE33,female,11/1/15,30.6,6/30/17,19.97,20,1.66,TRUE,210624-10:1,,,,,,19.97,Control
IX,11,In House,210624_11,Control,210503_12,APOE33,female,11/7/15,30.7,6/30/17,19.77,20,1.65,TRUE,210624-11:1,,,,,,19.77,Control
IX,12,In House,210624_12,Control,210503_13,APOE33,female,11/7/15,30.5,6/23/17,19.2,19,1.6,,210624-12:1,,,,,"Abdominal tumor.  6/30/21 die during image? Did not draw the blood. 7/1/21 dessection find uterus, ovary or kidney tumor. Save haed in formalin+0.5% ProHance",#VALUE!,Control
IX,13,In House,210624_13,Control,210503_14,APOE33,female,11/7/15,27.7,6/23/17,19.2,19,1.6,,210624-13:1,,,,,6/30/21 Die during image. Did not draw the blood. 7/1/21 Save haed in formalin+0.5% ProHance,#VALUE!,Control
IX,14,In House,210624_14,Control,210503_15,APOE33,female,11/7/15,36.5,6/30/17,19.77,20,1.65,TRUE,210624-14:1,,,,,,19.77,Control
IX,15,In House,210624_15,Control,210503_16,APOE33,female,11/7/15,30.1,6/23/17,19.2,19,1.6,,210624-15:1,,,,,"6/30/21 MRI find brain tumor. 7/1/21 wt 30.4g. Lip-I (IV) injection for Micro Ct , 7/6/21 Die during CT. Did not draw the blood. Save haed in formalin+0.5% ProHance",#VALUE!,Control
IX,16,In House,210624_16,Control,210503_17,APOE33,female,7/7/15,35.1,6/23/17,19.2,19,1.6,,210624-16:1,died during imaging,,,,7/1/21 Die during image. Did not draw the blood. 7/2/21 Save haed in formalin+0.5% ProHance,#VALUE!,Control
V,1,In House,210113_1           ,Control,201026_1,APOE44HN,female,4/28/15,28.4,1/14/17,20.53,21,1.71,TRUE,210113-1:1,N58706_m00-m48,N58707,105,27,20.53,20.53,Control
V,2,In House,210113_2           ,Control,201026_2,APOE44HN,female,8/11/15,31,1/14/17,17.1,17,1.43,TRUE,210113-2:1,N58708_m00-m48,N58709,107,26,17.1,17.1,Control
V,3,In House,210113_3           ,Control,201026_3,APOE44HN,male,11/29/15,31.8,1/14/17,13.5,14,1.13,FALSE,210113-3:1,N58712_m00-m48,N58713,116,27,13.5,13.5,Control
V,4,In House,210113_4           ,Control,201026_4,APOE44HN,male,4/28/15,28,1/14/17,20.53,21,1.71,TRUE,210113-4:1,N58714_m00-m48,N58715,111,27,20.53,20.53,Control
VI,1,In House,210216_1           ,Control,?,APOE22HN,male,6/15/16,29.5,2/15/17,8,8,0.67,FALSE,210216-1:1,,,,,8,8,Control
VII,1,In House,210118_1           ,HFD,201012_1,APOE44HN,male,1/14/16,36.4,3/1/17,13.57,14,1.13,FALSE,210118-1:1,N58735_m00-m48,N58739,102,26,13.57,13.57,HFD
VII,2,In House,210118_2           ,HFD,201012_2,APOE44HN,male,1/14/16,35.4,3/1/17,13.57,14,1.13,FALSE,210118-2:1,N58733_m00-m48,N58737,109,26,13.57,13.57,HFD
VII,3,In House,210118_3           ,HFD,201012_3,APOE44HN,male,1/20/16,46.8,3/1/17,13.37,13,1.11,FALSE,210118-3:1,N58734_m00-m48,N58738,113,25,13.37,13.37,HFD
VII,4,In House,210118_8           ,HFD,201012_8,APOE44HN,female,12/24/15,41.2,3/1/17,14.23,14,1.19,FALSE,210118-8:1,N58735_m00-m48,N58739,130,28,14.23,14.23,HFD
VII,5,In House,210118_10           ,HFD,201012_10,APOE44HN,female,12/24/15,34.5,3/1/17,14.23,14,1.19,FALSE,210118-10:1,N58740_m00-m48,N58741,102,26,14.23,14.23,HFD
VII,6,In House,210118_11           ,HFD,201012_11,APOE33HN,female,11/19/15,44.1,3/1/17,15.4,15,1.28,FALSE,210118-11:1,N58742_m00-m48,N58743,106,26,15.4,15.4,HFD
VII,7,In House,210118_12           ,HFD,201012_12,APOE33HN,female,12/8/15,36.6,3/1/17,14.77,15,1.23,FALSE,210118-12:1,N58745_m00-m48,N58746,106,26,14.77,14.77,HFD
VII,8,In House,21018_13           ,HFD,201012_13,APOE33HN,male,2/19/16,31.4,3/1/17,12.4,12,1.03,FALSE,210118-13:1,N58747_m00-m48,N58748,106,26,12.4,12.4,HFD
VII,9,In House,210118_15           ,HFD,201012_15,APOE33,female,12/31/15,42.5,3/1/17,14.03,14,1.17,FALSE,210118-15:1,N58749_m00-m48,N58750,106,26,14.03,14.03,HFD
VII,10,In House,210118_16           ,HFD,201012_16,APOE33,female,12/31/15,41.2,3/1/17,14.03,14,1.17,FALSE,210118-16:1,N58751_m00-m48,N58752,107,26,14.03,14.03,HFD
VII,11,In House,210118_4           ,HFD,201012_4,APOE44HN,female,12/24/15,38.8,3/14/17,14.67,15,1.22,FALSE,210118-4:1,N58779_m00-m48,N58782,104,27,14.67,14.67,HFD
VII,12,In House,210118_5           ,HFD,201012_5,APOE44HN,female,12/24/15,39.8,3/14/17,14.67,15,1.22,FALSE,210118-5:1,N58780_m00-m48,N58781,110,28,,14.67,HFD
VII,13,In House,210118_6           ,HFD,201012_6,APOE44HN,female,12/24/15,39.7,3/14/17,14.67,15,1.22,FALSE,210118-6:1,N58784_m00-m48,N58785,97,27,,14.67,HFD
VII,14,In House,210118_7           ,HFD,201012_7,APOE44HN,female,12/24/15,32.8,3/14/17,14.67,15,1.22,FALSE,210118-7:1,N58788_m00-m48,N58789,104,26,,14.67,HFD
VII,15,In House,210118_9           ,HFD,201012_9,APOE44HN,female,12/24/15,31.9,3/15/17,14.7,15,1.23,FALSE,210118-9:1,N58790_m00-m48,N58791,113,27,,14.7,HFD
VII,16,In House,210118_17           ,HFD,201012_17,APOE33,female,12/31/15,41.3,3/14/17,14.47,14,1.21,FALSE,210118-17:1,N58792_m00-m48,N58793,106,27,,14.47,HFD
VII,17,In House,210118_18           ,HFD,201012_18,APOE33,female,12/31/15,44.3,3/14/17,14.47,14,1.21,FALSE,210118-18:1,N58794_m00-m48,N58795,109,27,,14.47,HFD
VII,18,In House,210118_19           ,HFD,201012_19,APOE33,female,1/1/16,40.3,3/14/17,14.43,14,1.2,FALSE,210118-19:1,N58829_m00-m48,N58830,104,24,d,14.43,HFD
VII,19,In House,210118_20           ,HFD,201012_20,APOE33,female,1/1/16,46.9,3/14/17,14.43,14,1.2,FALSE,210118-20:1,N58813_m00-m48,N58814,106,27,,14.43,HFD
VII,20,In House,210118_21           ,HFD,201012_21,APOE33,female,1/1/16,33.8,3/15/17,14.47,14,1.21,FALSE,210118-21:1,N58815_m00-m48,,104,27,d,14.47,HFD
VII,21,In House,210118_22           ,HFD,201012_22,APOE33,male,1/1/16,46,3/15/17,14.47,14,1.21,FALSE,210118-22:1,N58821_m00-m48,N58822,105,26,d,14.47,HFD
VII,22,In House,210118_23           ,HFD,201012_23,APOE33,male,1/1/16,42,3/15/17,14.47,14,1.21,FALSE,210118-23:1,N58819_m00-m48,,107,26,d,14.47,HFD
VII,23,In House,210118_24           ,HFD,201012_24,APOE33,male,12/31/15,43.8,3/15/17,14.5,15,1.21,FALSE,210118-24:1,N58831_m00-m48,N58832,108,27,d,14.5,HFD
VII,24,In House,210118_25           ,HFD,201012_25,APOE33,male,12/31/15,43.9,3/15/17,14.5,15,1.21,FALSE,210118-25:1,N58851_m00-m48,N58852,111,28,d,14.5,HFD
VII,25,In House,210118_26           ,HFD,201012_26,APOE33,male,12/31/15,54,3/15/17,14.5,15,1.21,FALSE,210118-26:1,N58853_m00-m48,N58854,100,29,d,14.5,HFD
VII,26,In House,210118_27           ,HFD,201012_27,APOE33,male,12/31/15,43.1,3/15/17,14.5,15,1.21,FALSE,210118-27:1,N58855_m00-m48,N58856,106,26,d,14.5,HFD
VIII,1,In House,210201_2,Control,210201_2,APOE33,female,1/1/16,31.2,6/8/17,17.23,17,1.44,TRUE,210201-2:1,N59003-m00-m48,N59004,64,26,,17.23,Control
VIII,2,In House,210201_3,Control,210201_3,APOE33,female,1/1/16,34.6,6/8/17,17.23,17,1.44,TRUE,210201-3:1,,,,,,17.23,Control
VIII,3,In House,210201_4,Control,210201_4,APOE33,female,1/1/16,33.6,6/8/17,17.23,17,1.44,TRUE,210201-4:1,,,,,,17.23,Control
VIII,4,In House,210201_5,Control,210201_5,APOE33,female,1/1/16,28.5,6/8/17,17.23,17,1.44,TRUE,210201-5:1,,,,,,17.23,Control
VIII,5,In House,210201_6,Control,210201_6,APOE44,female,3/3/16,26.3,6/2/17,14.97,15,1.25,FALSE,210201-6:1,N58913_m00-m48,N58914,112,26,,14.97,Control
VIII,6,In House,210201_7,Control,210201_7,APOE44,female,3/3/16,25.7,6/2/17,14.97,15,1.25,FALSE,210201-7:1,N58915_m00-m48,N58916,110,25,,14.97,Control
VIII,7,In House,210201_8,Control,210201_8,APOE44,female,3/3/16,25.2,6/2/17,14.97,15,1.25,FALSE,210201-8:1,N58909_m00-m48,N58910,113,25,AD,14.97,Control
VIII,8,In House,210201_9,Control,210201_9,APOE44,female,3/3/16,25.6,6/2/17,14.97,15,1.25,FALSE,210201-9:1,N58906_m00-m48,N58907,113,25,AD,14.97,Control
VIII,9,In House,210201_10,Control,210201_10,APOE44,female,3/3/16,24.9,6/2/17,14.97,15,1.25,FALSE,210201-10:1,N58883_m00-m48,N58884,107,26,d,14.97,Control
VIII,10,In House,210201_11,Control,210201_11,APOE44,male,3/17/16,29.2,5/26/17,14.3,14,1.19,FALSE,210201-11:1,N58887_m00-m48,N58888,104,24,D,14.3,Control
VIII,11,In House,210201_12,Control,210201_12,APOE44,male,3/17/16,30.9,5/26/17,14.3,14,1.19,FALSE,210201-12:1,N58885_m00-m48,N58886,107,25,D,14.3,Control
VIII,12,In House,210201_13,Control,210201_13,APOE44,male,3/17/16,27.9,5/26/17,14.3,14,1.19,FALSE,210201-13:1,N58919,N58920,,,,14.3,Control
VIII,13,In House,210201_14,Control,210201_14,APOE44,male,3/3/16,30.3,5/26/17,14.77,15,1.23,FALSE,210201-14:1,,,,,,14.77,Control
VIII,14,In House,210201_15,Control,210201_15,APOE44,male,3/3/16,31.2,5/26/17,14.77,15,1.23,FALSE,210201-15:1,N58879_m00-m48,N58880,93,25,D,14.77,Control
VIII,15,In House,210201_16,Control,210201_16,APOE44,male,3/3/16,34.1,5/26/17,14.77,15,1.23,FALSE,210201-16:1,N58881_m00-m48,N58882,102,25,D,14.77,Control
VIII,16,In House,210201_17,Control,210201_17,APOE44,male,1/7/16,32.8,6/2/17,16.83,17,1.4,TRUE,210201-17:1,N58889_m00-m48,N58890,109,27,AD,16.83,Control
VIII,17,In House,210201_18,Control,210201_18,APOE44,male,1/7/16,30.6,6/2/17,16.83,17,1.4,TRUE,210201-18:1,,,,,,16.83,Control
VIII,18,In House,210201_19,Control,210201_19,APOE22HN,male,3/14/16,27,5/24/17,14.33,14,1.19,FALSE,210201-19:1,N58877_m00-m48,N58878,106,28,D,14.33,Control
VIII,19,In House,210222_1,Control,210222_1,APOE33HN,female,3/9/16,29.8,5/24/17,14.5,15,1.21,FALSE,210222-1:1,,,,,,14.5,Control
VIII,20,In House,210222_2,Control,210222_2,APOE33HN,female,3/9/16,28.9,5/24/17,14.5,15,1.21,FALSE,210222-2:1,,,,,,14.5,Control
VIII,21,In House,210222_3,Control,210222_3,APOE33HN,male,3/9/16,32.3,5/24/17,14.5,15,1.21,FALSE,210222-3:1,,,,,,14.5,Control
VIII,22,In House,210222_4,Control,210222_4,APOE33HN,male,3/9/16,35.9,5/24/17,14.5,15,1.21,FALSE,210222-4:1,,,,,,14.5,Control
VIII,23,In House,210222_5,Control,210222_5,APOE33HN,male,3/9/16,32.8,5/24/17,14.5,15,1.21,FALSE,210222-5:1,,,,,,14.5,Control
VIII,24,In House,210222_6,Control,210222_6,APOE33HN,male,3/9/16,33.8,5/24/17,14.5,15,1.21,FALSE,210222-6:1,,,,,,14.5,Control
VIII,25,In House,210222_7,Control,210222_7,APOE33,female,2/22/16,40.9,6/7/17,15.5,16,1.29,FALSE,210222-7:1,N58917,N58918,,,,15.5,Control
VIII,26,In House,210222_8,Control,210222_8,APOE33,female,2/22/16,29,6/7/17,15.5,16,1.29,FALSE,210222-8:1,N58995-m00-m48,N58996,,,,15.5,Control
VIII,27,In House,210222_9,Control,210222_9,APOE33,female,2/22/16,33.2,6/7/17,15.5,16,1.29,FALSE,210222-9:1,N59005-m00-m48,N59006,103,27,,15.5,Control
VIII,28,In House,210222_10,Control,210222_10,APOE33,female,3/7/16,28.9,6/7/17,15,15,1.25,FALSE,210222-10:1,,,,,,15,Control
VIII,29,In House,210222_11,Control,210222_11,APOE33,female,3/7/16,28.1,6/7/17,15,15,1.25,FALSE,210222-11:1,,,,,,15,Control
VIII,30,In House,210222_12,Control,210222_12,APOE33,female,3/7/16,26.8,6/8/17,15.03,15,1.25,FALSE,210222-12:1,,,,,,15.03,Control
VIII,31,In House,210222_13,Control,210222_13,APOE33,female,3/7/16,33.8,6/8/17,15.03,15,1.25,FALSE,210222-13:1,,,,,,15.03,Control
VIII,32,In House,210222_14,Control,210222_14,APOE33,male,3/7/16,34.6,6/8/17,15.03,15,1.25,FALSE,210222-14:1,N59065_m00-m48,N59064,100,26,,15.03,Control
VIII,33,In House,210222_15,Control,210222_15,APOE33,male,3/7/16,35.7,6/8/17,15.03,15,1.25,FALSE,210222-15:1,N59066_m00-m48,N59067,107,27,,15.03,Control
VIII,34,In House,210222_16,Control,210222_16,APOE22,male,2/16/16,/, 6/7/21                                                       Dying during image                                             by Dr. Badea                       ,,0,#VALUE!,,210222-16:1,N59080,N59081,79,20,Did not draw the blood ,#VALUE!,Control
VIII,35,In House,210222_17,Control,210222_17,APOE22,female,2/16/16,28.3,6/7/17,15.7,16,1.31,FALSE,210222-17:1,,,,,,15.7,Control
X,1,In House,210730_4,HFD,210112_2,APOE44HN,female,4/5/16,56.2,7/30/21                                                 Micro Ct image                                           8/17/21                                                                        ,,0,#VALUE!,,210730-4:1,,,,,,#VALUE!,HFD
X,2,In House,210817_1,HFD,210112_4,APOE44HN,female,4/5/16,52.6,8/16/17,16.37,16,1.36,TRUE,210817-1:1,N58948_m00-m48,N58949,114,27,,16.37,HFD
X,3,In House,210817_2,Control,210112_5,APOE44HN,male,4/14/16,28.4,8/16/17,16.07,16,1.34,TRUE,210817-2:1,N59072_m00-m48,N59073,109,27,,16.07,Control
X,4,In House,210817_3,Control,210112_6,APOE44HN,male,4/14/16,29.5,8/16/17,16.07,16,1.34,TRUE,210817-3:1,N58935_m00-m48,N58936,111,28,,16.07,Control
X,5,In House,210817_4,Control,210112_7,APOE44HN,male,4/14/16,33.4,8/16/17,16.07,16,1.34,TRUE,210817-4:1,,,,,,16.07,Control
X,6,In House,210817_5,HFD,210112_9,APOE44HN,male,4/20/16,45.3,8/16/17,15.87,16,1.32,FALSE,210817-5:1,N58946_m00-m48,N58947,117,28,,15.87,HFD
X,7,In House,210730_3,HFD,210112_11,APOE44HN,male,4/20/16,51.1,8/16/17,15.87,16,1.32,FALSE,210730-3:1,,,,,,15.87,HFD
X,8,In House,210817_6,Control,210112_14,APOE44HN,female,4/20/16,30.2,8/16/17,15.87,16,1.32,FALSE,210817-6:1,,,,,,15.87,Control
X,9,In House,210817_7,Control,210112_15,APOE44HN,female,4/20/16,26.5,8/16/17,15.87,16,1.32,FALSE,210817-7:1,N59022_m00-m48,N59023,,,,15.87,Control
X,10,In House,210817_8,Control,210112_16,APOE44HN,female,4/20/16,25.5,8/16/17,15.87,16,1.32,FALSE,210817-8:1,N59035_m00-m48,N59036,107,27,,15.87,Control
X,11,In House,210817_9,Control,210112_17,APOE44HN,female,4/28/16,25.5,8/16/17,15.6,16,1.3,FALSE,210817-9:1,N59026_m00-m48,N59027,103,26,,15.6,Control
X,12,In House,210730_5,HFD,210112_18,APOE33HN,male,4/27/16,51.8,8/17/17,15.67,16,1.31,FALSE,210730-5:1,,,,,,15.67,HFD
X,13,In House,210817_10,HFD,210112_19,APOE33HN,male,4/27/16,53.6,8/18/17,15.7,16,1.31,FALSE,210817-10:1,,,,,,15.7,HFD
X,14,In House,210817_11,HFD,210112_20,APOE33HN,male,4/27/16,66.2,8/17/17,15.67,16,1.31,FALSE,210817-11:1,,,,,,15.67,HFD
X,15,In House,210730_6,HFD,210112_21,APOE33HN,female,4/27/16,57.7,8/17/17,15.67,16,1.31,FALSE,210730-6:1,,,,,,15.67,HFD
X,16,In House,210817_12,HFD,210112_23,APOE33HN,female,3/9/16,54.3,8/17/17,17.27,17,1.44,TRUE,210817-12:1,,,,,,17.27,HFD
X,17,In House,210817_13,HFD,210112_24,APOE33HN,female,4/28/16,52.2,8/17/17,15.63,16,1.3,FALSE,210817-13:1,N58919_m00-m48,N58920,105,26,,15.63,HFD
X,18,In House,210817_14,HFD,210112_25,APOE44,male,4/5/16,51.2,8/17/17,16.4,16,1.37,TRUE,210817-14:1,,,,,,16.4,HFD
X,19,In House,210730_7,HFD,210112_26,APOE44,male,4/5/16,50.3,8/18/17,16.43,16,1.37,TRUE,210730-7:1,,,,,,16.43,HFD
X,20,In House,210730_8,HFD,210112_27,APOE44,female,4/5/16,50.7,8/17/17,16.4,16,1.37,TRUE,210730-8:1,,,,,,16.4,HFD
X,21,In House,210817_15,HFD,210112_28,APOE44,female,4/5/16,45.1,8/17/17,16.4,16,1.37,TRUE,210817-15:1,,,,,,16.4,HFD
X,22,In House,210817_16,HFD,210112_29,APOE44,female,4/15/16,34.6,8/17/17,16.07,16,1.34,TRUE,210817-16:1,,,,,,16.07,HFD
X,23,In House,210817_17,HFD,210112_1,APOE44HN,female,4/5/16,49.3,8/18/17,16.43,16,1.37,TRUE,210817-17:1,,,,,,16.43,HFD
X,24,In House,210817_18,Control,210112_8,APOE44HN,male,4/14/16,26.6,8/17/17,16.1,16,1.34,TRUE,210817-18:1,N59041_m00-m48,N59042,105,26,,16.1,Control
X,25,In House,210817_19,HFD,210112_12,APOE44HN,male,4/20/16,49.9,8/18/17,15.93,16,1.33,FALSE,210817-19:1,N58941_m00-m48,N58942,109,26,,15.93,HFD
XI,1,In House,211001_1,Control,210503_18,APOE22,male,5/11/16,38.6,9/30/17,16.63,17,1.39,TRUE,211001-1:1,,,,,,16.63,Control
XI,2,In House,211001_2,Control,210503_19,APOE22,male,5/11/16,33.1,9/30/17,16.63,17,1.39,TRUE,211001-2:1,,,,,,16.63,Control
XI,3,In House,211001_3,Control,210503_20,APOE22,male,5/11/16,36.2,9/30/17,16.63,17,1.39,TRUE,211001-3:1,,,,,,16.63,Control
XI,4,In House,211001_4,Control,210503_21,APOE22,female,5/11/16,28.8,9/30/17,16.63,17,1.39,TRUE,211001-4:1, ,,,,,16.63,Control
XI,5,In House,211001_5,Control,210503_22,APOE22,female,5/11/16,25.8,9/30/17,16.63,17,1.39,TRUE,211001-5:1,,,,,,16.63,Control
XI,6,In House,211001_6,HFD,210614_2,APOE22HN,female,6/28/16,40.9,9/30/17,15.07,15,1.26,FALSE,211001-6:1,,,,,,15.07,HFD
XI,7,In House,211001_7,HFD,210614_3,APOE22HN,female,6/28/16,33.9,9/30/17,15.07,15,1.26,FALSE,211001-7:1,,,,,,15.07,HFD
XI,8,In House,211001_8,HFD,210614_4,APOE22HN,female,6/28/16,27.3,9/30/17,15.07,15,1.26,FALSE,211001-8:1,,,,,,15.07,HFD
XI,9,In House,211001_9,HFD,210614_5,APOE22HN,female,6/28/16,28.2,9/30/17,15.07,15,1.26,FALSE,211001-9:1,,,,,,15.07,HFD
XI,10,In House,210730_2,HFD,210614_1,APOE22HN,female,6/28/16,36.6,9/30/17,15.07,15,1.26,FALSE,210730-2:1,,,,,,15.07,HFD
XI,11,In House,211001_10,HFD,210614_8,APOE33HN,Male ,6/19/16,52.1,10/5/17,15.77,16,1.333333333,,211001-10:1,,,,,,15.77,HFD
XI,12,In House,211001_11,HFD,210614_9 ,APOE33HN,Male ,6/19/16,47.3,10/5/17,15.77,16,1.333333333,,211001-11:1,,,,,,15.77,HFD
XI,13,In House,211001_12,HFD,210614_10 ,APOE33HN,Male ,6/19/16,46.4,10/5/17,15.77,16,1.333333333,,211001-12:1,,,,,,15.77,HFD
XI,14,In House,211001_13,HFD,210614_11 ,APOE33HN,Male ,6/19/16,45.2,10/5/17,15.77,16,1.333333333,,211001-13:1,,,,,,15.77,HFD
XI,15,In House,211001_14,HFD,210614_12 ,APOE33HN,Male,6/19/16,47.1,10/5/17,15.77,16,1.333333333,,211001-14:1,,,,,,15.77,HFD
XI,16,In House,211001_15,Control,210614_22 ,APOE33HN,male,6/19/16,34.6,10/5/17,15.77,16,1.333333333,,211001-15:1,,,,,,15.77,Control
XI,17,In House,211001_16,Control,210614_23 ,APOE33HN,male,6/19/16,33,10/5/17,15.77,16,1.333333333,,211001-16:1,,,,,,15.77,Control
XI,18,In House,211001_17,Control,210614_24 ,APOE33HN,male,6/19/16,35,10/5/17,15.77,16,1.333333333,,211001-17:1,,,,,,15.77,Control
XI,19,In House,211001_18,Control,210614_25 ,APOE33HN,male,6/19/16,32.8,10/5/17,15.77,16,1.333333333,,211001-18:1,,,,,,15.77,Control
XI,20,In House,211001_19,Control,210614_26 ,APOE33HN,male,6/19/16,36.8,10/5/17,15.77,16,1.333333333,,211001-19:1,,,,,,15.77,Control
XI,21,In House,211001_20,HFD,210614_13 ,APOE33HN,Female ,6/19/16,44.8,10/7/17,15.83,16,1.333333333,,211001-20:1,,,,,,15.83,HFD
XI,22,In House,211001_21,HFD,210614_14 ,APOE33HN,Female ,6/19/16,53.8,10/7/17,15.83,16,1.333333333,,211001-21:1,,,,,,15.83,HFD
XI,23,In House,211001_22,HFD,210614_15 ,APOE33HN,Female ,6/19/16,46,10/7/17,15.83,16,1.333333333,,211001-22:1,,,,,,15.83,HFD
XI,24,In House,211001_23,HFD,210614_16 ,APOE33HN,Female ,6/19/16,47.1,10/7/17,15.83,16,1.333333333,,211001-23:1,,,,,,15.83,HFD
XI,25,In House,211001_24,HFD,210614_31 ,APOE33HN,Female ,6/19/16,52,10/7/17,15.83,16,1.333333333,,211001-24:1,,,,,,15.83,HFD
XI,26,In House,210730_1,HFD,210614_6 ,APOE22HN,male,6/28/16,38.1,10/4/17,15.43,15,1.25,,210730-1:1,,,,,,15.43,HFD
XI,27,In House,211001_25,HFD,210614_7 ,APOE22HN,male,6/28/16,31.2,10/4/17,15.43,15,1.25,,211001-25:1,,,,,,15.43,HFD
XI,28,In House,211001_26,Control,210614_17 ,APOE33HN,female,6/15/16,26.7,10/4/17,15.87,16,1.333333333,,211001-26:1,,,,,,15.87,Control
XI,29,In House,211001_27,Control,210614_18 ,APOE33HN,female,6/15/16,26.8,10/4/17,15.87,16,1.333333333,,211001-27:1,,,,,,15.87,Control
XI,30,In House,211001_28,Control,210614_19 ,APOE33HN,female,6/15/16,28.7,10/4/17,15.87,16,1.333333333,,211001-28:1,,,,,,15.87,Control
XI,31,In House,211001_29,Control,210614_20 ,APOE33HN,female,6/15/16,30,10/4/17,15.87,16,1.333333333,,211001-29:1,,,,,,15.87,Control
XI,32,In House,211001_30,Control,210614_21,APOE33HN,female,6/15/16,34.3,10/4/17,15.87,16,1.333333333,,211001-30:1,,,,,,15.87,Control
XI,33,In House,211001_31,Control,210614_27 ,APOE33HN,male,6/27/16,31.8,10/4/17,15.47,15,1.25,,211001-31:1,,,,,,15.47,Control
XI,34,In House,211001_32,Control,210614_28 ,APOE33HN,male,6/27/16,33.3,10/4/17,15.47,15,1.25,,211001-32:1,,,,,,15.47,Control
XI,35,In House,211001_33,Control,210614_29 ,APOE33HN,male,6/27/16,32,10/4/17,15.47,15,1.25,,211001-33:1,,,,,,15.47,Control
XI,36,In House,211001_34,Control,210614_30 ,APOE33HN,male,6/27/16,29.5,10/4/17,15.47,15,1.25,,211001-34:1,,,,,,15.47,Control
XI,37,Colton lab,211001_35,,Cage 1414913_1,CVN,Male ,9/6/16,28.6,10/6/17,,,,,211001-35:1,,,,,,,
XI,38,Colton lab,211001_36,,Cage 1248386_1,CVN,Male ,9/12/16,29.1,10/6/17,,,,,211001-36:1,,,,,,,
XI,39,Colton lab,211001_37,,Cage 1248386_2,CVN,Male,9/12/16,28.5,10/6/17,,,,,211001-37:1,,,,,,,
XI,40,Colton lab,211001_38,,Cage 1248386_3,CVN,Male ,9/12/16,29.6,10/6/17,,,,,211001-38:1,,,,,,,
XI,41,Colton lab,211001_39,,Cage 1248386_4,CVN,Male ,9/12/16,26.1,10/6/17,,,,,211001-39:1,,,,,,,
XI,42,Colton lab,211001_40,,Cage 1170422_1,CVN,Male ,9/27/16,31.9,10/6/17,,,,,211001-40:1,,,,,,,
XI,43,Colton lab,211001_41,,Cage 1170422_2,CVN,Male ,9/27/16,32.4,10/6/17,,,,,211001-41:1,,,,,,,
XI,44,Colton lab,211001_42,,Cage 1170422_3,CVN,Male ,9/27/16,30.6,10/6/17,,,,,211001-42:1,,,,,,,
XI,45,Colton lab,211001_43,,Cage 1170422_4,CVN,Male ,9/27/16,29.3,10/6/17,,,,,211001-43:1,,,,,,,
XI,46,Colton lab,211001_44,,Cage 1170422_5,CVN,Male ,9/27/16,32.4,10/6/17,,,,,211001-44:1,,,,,,,
XII,1,In House,210809_1,Control,210809_2,APOE33HN,female,8/23/16,22.3,11/9/17,14.77,15,1.25,,210809-1:1,,,,,,14.77,Control
XII,2,In House,210809_2,Control,210809_3,APOE33HN,female,8/23/16,24.4,11/9/17,14.77,15,1.25,,210809-2:1,,,,,,14.77,Control
XII,3,In House,210809_3,Control,210809_4,APOE33HN,female,9/2/16,30.1,11/9/17,14.43,15,1.25,,210809-3:1,,,,,,14.43,Control
XII,4,In House,210809_4,HFD,210809_5,APOE22HN,male,8/15/16,34.7,11/9/17,15.03,15,1.25,,210809-4:1,,,,,,15.03,HFD
XII,5,In House,210809_5,HFD,210809_6,APOE22HN,male,8/15/16,42,11/9/17,15.03,15,1.25,,210809-5:1,,,,,,15.03,HFD
XII,6,In House,210809_6,HFD,210809_7,APOE22HN,male,8/15/16,30.9,11/9/17,15.03,15,1.25,,210809-6:1,,,,,,15.03,HFD
XII,7,In House,210809_7,HFD,210809_8,APOE22HN,male,8/15/16,44.9,11/9/17,15.03,15,1.25,,210809-7:1,,,,,,15.03,HFD
XII,8,In House,210906_1,Control,210906_1,APOE22HN,female,9/6/16,23.5,11/10/17,14.33,14,1.166666667,,210906-1:1,,,,,,14.33,Control
XII,9,In House,210906_2,Control,210906_2,APOE22HN,female,9/6/16,22,11/10/17,14.33,14,1.166666667,,210906-2:1,,,,,,14.33,Control
XII,10,In House,210906_3,Control,210906_3,APOE22HN,female,9/6/16,27,11/10/17,14.33,14,1.166666667,,210906-3:1,,,,,,14.33,Control
XII,11,In House,210906_4,Control,210906_4,APOE22HN,female,9/6/16,26.1,11/9/17,14.3,14,1.166666667,,210906-4:1,,,,,,14.3,Control
XII,12,In House,210906_5,Control,210906_5,APOE22HN,female,9/6/16,26.1,11/10/17,14.33,14,1.166666667,,210906-5:1,,,,,,14.33,Control
XII,13,In House,210906_6,Control,210906_6,APOE22HN,male,9/27/16,34.5,11/10/17,13.63,14,1.166666667,,210906-6:1,,,,,,13.63,Control
XII,14,In House,210906_7,Control,210906_7,APOE22HN,female,9/20/16,25.7,11/9/17,13.83,14,1.166666667,,210906-7:1,,,,,,13.83,Control
XII,15,In House,210906_8,Control,210906_8,APOE22HN,female,9/20/16,27.8,11/9/17,13.83,14,1.166666667,,210906-8:1,,,,,,13.83,Control
XII,16,In House,210906_9,HFD,210906_9,APOE44,Female ,9/7/16,37.3,11/16/17,14.5,15,1.25,,210906-9:1,,,,,,14.5,HFD
XII,17,In House,210906_10,HFD,210906_10,APOE44,Female ,9/7/16,42.7,11/16/17,14.5,15,1.25,,210906-10:1,,,,,,14.5,HFD
XII,18,In House,210906_11,HFD,210906_11,APOE44,Female ,9/7/16,29.4,11/16/17,14.5,15,1.25,,210906-11:1,,,,,,14.5,HFD
XII,19,In House,210906_12,HFD,210906_12,APOE44,Female,9/7/16,36.3,11/16/17,14.5,15,,,210906-12:1,,,,,,14.5,HFD
XII,20,In House,210906_13,HFD,210906_13,APOE44,Female,9/7/16,33,11/16/17,14.5,15,,,210906-13:1,,,,,,14.5,HFD
XII,21,In House,210906_14,HFD,210906_14,APOE44,Female,10/2/16,28.2,11/16/17,13.67,14,1.166666667,,210906-14:1,,,,,,13.67,HFD
XII,22,In House,210906_15,HFD,210906_15,APOE44,Female,10/2/16,35.2,11/17/17,13.7,14,1.166666667,,210906-15:1,,,,,,13.7,HFD
XII,23,In House,210906_16,HFD,210906_16,APOE44,Female ,10/2/16,33.5,11/17/17,13.7,14,1.166666667,,210906-16:1,,,,,,13.7,HFD
XII,24,In House,210906_17,HFD,210906_17,APOE44,Female,10/2/16,25.7,11/17/17,13.7,14,1.166666667,,210906-17:1,,,,,,13.7,HFD
XII,25,In House,210906_18,HFD,210906_18,APOE44,Female ,10/2/16,34.5,11/17/17,13.7,14,1.166666667,,210906-18:1,,,,,,13.7,HFD
XII,26,In House,211004_1,Control,211004_1,APOE33,Male ,10/14/16,37.1,11/1/17,13.17,13,1.083333333,,211004-1:1,N58997-m00-m48,N58998,103,26,,13.17,Control
XII,27,In House,211004_2,Control,211004_2,APOE33,Male ,10/14/16,36.3,11/1/17,13.17,13,1.083333333,,211004-2:1,N58999-m00-m48,N59000,97,23,,13.17,Control
XII,28,In House,211004_3,Control,211004_3,APOE33,Male ,10/2/16,37.2,11/1/17,12.77,13,1.083333333,,211004-3:1,N59001-m00-m48,N59002,83,21,,12.77,Control
XII,29,In House,211004_4,Control,211004_19,APOE44,Male ,4/5/16,31,11/16/17,19.67,20,1.666666667,,211004-4:1,,,,,,19.67,Control
XII,30,In House,211004_5,Control,211004_20,APOE44,Female ,4/5/16,29.3,11/16/17,19.67,20,1.666666667,,211004-5:1,,,,,,19.67,Control
XII,31,In House,211004_6,Control,211004_21,APOE44HN,Male ,4/20/16,29.2,11/16/17,19.17,19,1.583333333,,211004-6:1,,,,,,19.17,Control
XII,32,In House,211004_7,HFD,211004_5,APOE33,female,10/2/16,46.6,11/30/17,14.13,14,1.166666667,,211004-7:1,,,,,,14.13,HFD
XII,33,In House,211004_8,HFD,211004_9,APOE33,female,10/14/16,42.6,11/30/17,13.73,14,1.166666667,,211004-8:1,,,,,,13.73,HFD
XII,34,In House,211004_9,HFD,211004_14,APOE44HN,Male ,10/4/16,43.1,11/30/17,14.07,14,1.166666667,,211004-9:1,,,,,,14.07,HFD
XII,35,In House,211004_10,HFD,211004_15,APOE44HN,Male,10/4/16,40.7,11/30/17,14.07,14,1.166666667,,211004-10:1,,,,,,14.07,HFD
XII,36,In House,211004_11,HFD,211004_16,APOE44HN,Male ,10/4/16,43.5,11/30/17,14.07,14,1.166666667,,211004-11:1,,,,,,14.07,HFD
XII,37,In House,211004_12,HFD,211004_17,APOE44HN,Male ,10/4/16,45.3,11/30/17,14.07,14,1.166666667,,211004-12:1,,,,,,14.07,HFD
XII,38,In House,211004_13,Control,211004_10,APOE44HN,Female ,10/4/16,25.6,11/30/17,14.07,14,1.166666667,,211004-13:1,,,,,,14.07,Control
XII,39,In House,211004_14,Control,211004_11,APOE44HN,Female ,10/4/16,27.4,11/30/17,14.07,14,1.166666667,,211004-14:1,,,,,,14.07,Control
XII,40,In House,211004_15,Control,211004_12,APOE44HN,Female ,10/4/16,21.3,12/1/17,14.1,14,1.166666667,,211004-15:1,,,,,,14.1,Control
XII,41,In House,211004_16,Control,211004_13,APOE44HN,Female ,10/4/16,22.8,12/1/17,14.1,14,1.166666667,,211004-16:1,,,,,,14.1,Control
XIII,1,In House,211122_1,HFD,211122_1,APOE22HN,Female ,11/15/20,37,1/19/22,14.33,14,1.166666667,,,,,,,,14.33,HFD
XIII,2,In House,211122_2,HFD,211122_2,APOE22HN,Female ,11/15/20,38,1/19/22,14.33,14,1.166666667,,,,,,,,14.33,HFD
XIII,3,In House,211122_3,HFD,211122_3,APOE22HN,Female ,11/15/20,39,1/19/22,14.33,14,1.166666667,,,,,,,,14.33,HFD
XIII,4,In House,211122_4,HFD,211122_4,APOE22HN,Female ,11/19/20,34,1/19/22,14.2,14,1.166666667,,,,,,,,14.2,HFD
XIII,5,In House,211122_5,HFD,211122_5,APOE22HN,Female ,11/7/20,32,1/19/22,14.6,15,1.25,,,,,,,,14.6,HFD
XIII,6,In House,211122_6,HFD,211122_6,APOE22HN,Female ,11/7/20,38,1/19/22,14.6,15,1.25,,,,,,,,14.6,HFD
XIII,7,In House,211122_7,HFD,211122_7,APOE22HN,Female ,11/11/20,45,1/20/22,14.5,15,1.25,,,,,,,,14.5,HFD
XIII,8,In House,211122_8,HFD,211122_8,APOE22HN,Female ,11/11/20,33,1/20/22,14.5,15,1.25,,,,,,,,14.5,HFD
XIII,9,In House,211122_9,Control,211122_9,APOE22HN,Male,11/7/20,29,1/20/22,14.63,15,1.25,,,,,,,,14.63,Control
XIII,10,In House,211122_10,Control,211122_10,APOE22HN,Male,11/7/20,31,1/20/22,14.63,15,1.25,,,,,,,,14.63,Control
XIII,11,In House,211122_11,Control,211122_11,APOE22HN,Male,11/7/20,31,1/20/22,14.63,15,1.25,,,,,,,,14.63,Control
XIII,12,In House,211122_12,Control,211122_12,APOE22HN,Male,11/7/20,30,1/20/22,14.63,15,1.25,,,,,,,,14.63,Control
XIII,13,In House,211122_13,Control,211122_13,APOE22HN,Male,11/17/20,33,1/26/22,14.5,15,1.25,,,,,,,,14.5,Control
XIII,14,In House,211122_14,Control,211122_14,APOE22HN,Male,11/17/20,31,1/26/22,14.5,15,1.25,,,,,,,,14.5,Control
XIII,15,In House,211122_15,Control,211122_15,APOE22HN,Male,11/19/20,29,1/26/22,14.43,14,1.166666667,,,,,,,,14.43,Control
XIII,16,In House,211122_16,Control,211122_16,APOE22HN,Male,11/19/20,32,1/27/22,14.47,14,1.166666667,,,,,,,,14.47,Control
XIII,17,In House,211122_23,Control,211122_23,APOE22HN,Male,5/11/20,31,1/26/22,20.83,21,1.75,,,,,,,,20.83,Control
XIII,18,In House,211122_24,Control,211122_24,APOE22HN,Male,6/16/20,31,1/26/22,19.63,20,1.666666667,,,,,,,,19.63,Control
XIII,19,In House,211122_25,Control,211122_25,APOE22HN,Male,6/16/20,33,1/27/22,19.67,20,1.666666667,,,,,,,,19.67,Control
XIII,20,In House,211122_26,Control,211122_26,APOE22HN,Female ,6/16/20,32,1/27/22,19.67,20,1.666666667,,,,,,,,19.67,Control
XIII,21,In House,211122_27,Control,211122_27,APOE22HN,Female ,6/16/20,27,1/27/22,19.67,20,1.666666667,,,,,,,,19.67,Control
XIII,22,In House,211122_28,Control,211122_28,APOE22HN,Female ,3/10/20,26,1/27/22,22.93,23,1.916666667,,,,,,,,22.93,Control
XIV,1,In House,220110_1,HFD,220110_1,APOE22HN,Male,1/6/21,47,2/23/22,13.77,14,1.166666667,,,,,,,,13.77,HFD
XIV,2,In House,220110_2,HFD,220110_2,APOE22HN,Male,1/6/21,39,2/23/22,13.77,14,1.166666667,,,,,,,,13.77,HFD
XIV,3,In House,220110_3,HFD,220110_3,APOE22HN,Male,1/6/21,37,2/23/22,13.77,14,1.166666667,,,,,,,,13.77,HFD
XIV,4,In House,220110_4,HFD,220110_4,APOE22HN,Male,1/6/21,48,2/23/22,13.77,14,1.166666667,,,,,,,,13.77,HFD
XIV,5,In House,220110_5,Control,220110_5,APOE22HN,Male,1/6/21,29,2/23/22,13.77,14,1.166666667,,,,,,,,13.77,Control
XIV,6,In House,220110_6,Control,220110_6,APOE22HN,Male,1/6/21,31,2/23/22,13.77,14,1.166666667,,,,,,,,13.77,Control
XIV,7,In House,220110_7,Control,220110_7,APOE22HN,Male,1/26/21,33,2/23/22,13.1,13,1.083333333,,,,,,,,13.1,Control
XIV,8,In House,220110_8,Control,220110_8,APOE22HN,Female ,1/4/21,27,2/24/22,13.87,14,1.166666667,,,,,,,,13.87,Control
XIV,9,In House,220110_9,Control,220110_9,APOE22HN,Female ,1/4/21,26,2/24/22,13.87,14,1.166666667,,,,,,,,13.87,Control
XIV,10,In House,220110_10,Control,220110_10,APOE22HN,Female ,1/4/21,27,2/24/22,13.87,14,1.166666667,,,,,,,,13.87,Control
XIV,11,In House,220110_11,HFD,220110_11,APOE44,Male,1/7/21,48,2/24/22,13.77,14,1.166666667,,,,,,,,13.77,HFD
XIV,12,In House,220110_12,HFD,220110_12,APOE44,Male,1/7/21,49,2/24/22,13.77,14,1.166666667,,,,,,,,13.77,HFD