Animal_ID,Experiment,Trial,Box,Treatment,Sex,Genotype,Component Name,Freeze Cnt,Time Freezing,Pct Total Time Freezing,Pct Component Time Freezing,Avg Motion Index,Min Motion Index,Max Motion Index,Month
210809-1,VF083021_105349,day0_trial1,Chamber1,Control,female,APOE33HN,Sound 1,18,13.4,2.6,44.67,52.87,0,1077,August
210809-1,VF083021_105349,day0_trial1,Chamber1,Control,female,APOE33HN,Sound 2,11,27.533,5.34,91.78,2.39,0,74,August
210809-1,VF083021_105349,day0_trial1,Chamber1,Control,female,APOE33HN,Sound 3,6,29.533,5.72,98.44,0.89,0,62,August
210809-1,VF083021_105349,day0_trial1,Chamber1,Control,female,APOE33HN,Shock 1,0,0,0,0,354.62,0,1345,August
210809-1,VF083021_105349,day0_trial1,Chamber1,Control,female,APOE33HN,Shock 2,0,0,0,0,241.47,0,1345,August
210809-1,VF083021_105349,day0_trial1,Chamber1,Control,female,APOE33HN,Shock 3,0,0,0,0,221.02,0,1592,August
,,,,,,,,,,,,,,,
210809-2,VF083021_105349,day0_trial1,Chamber 2,Control,female,APOE33HN,Sound 1,5,27.1,5.25,90.33,2.47,0,87,August
210809-2,VF083021_105349,day0_trial1,Chamber 2,Control,female,APOE33HN,Sound 2,3,29.933,5.8,99.78,0.21,0,18,August
210809-2,VF083021_105349,day0_trial1,Chamber 2,Control,female,APOE33HN,Sound 3,1,30,5.81,100,0,0,0,August
210809-2,VF083021_105349,day0_trial1,Chamber 2,Control,female,APOE33HN,Shock 1,2,0.933,0.18,46.67,15.47,0,210,August
210809-2,VF083021_105349,day0_trial1,Chamber 2,Control,female,APOE33HN,Shock 2,2,0.7,0.14,35,15.17,0,182,August
210809-2,VF083021_105349,day0_trial1,Chamber 2,Control,female,APOE33HN,Shock 3,3,1.167,0.23,58.33,3.45,0,26,August
,,,,,,,,,,,,,,,
210809-3,VF083021_112203,day0_trial_2,Chamber1,Control,female,APOE33HN,Sound 1,9,28.533,5.53,95.11,2.39,0,321,August
210809-3,VF083021_112203,day0_trial_2,Chamber1,Control,female,APOE33HN,Sound 2,2,29.833,5.78,99.44,0.31,0,59,August
210809-3,VF083021_112203,day0_trial_2,Chamber1,Control,female,APOE33HN,Sound 3,1,30,5.81,100,0,0,0,August
210809-3,VF083021_112203,day0_trial_2,Chamber1,Control,female,APOE33HN,Shock 1,0,0,0,0,363.1,0,2183,August
210809-3,VF083021_112203,day0_trial_2,Chamber1,Control,female,APOE33HN,Shock 2,0,0,0,0,250.8,0,1379,August
210809-3,VF083021_112203,day0_trial_2,Chamber1,Control,female,APOE33HN,Shock 3,0,0,0,0,182.37,0,1091,August
,,,,,,,,,,,,,,,
210809-4,VF083021_112203,day0_trial_2,Chamber 2,Control,female,APOE33HN,Sound 1,4,29.733,5.76,99.11,0.49,0,39,August
210809-4,VF083021_112203,day0_trial_2,Chamber 2,Control,female,APOE33HN,Sound 2,1,30,5.81,100,0.01,0,2,August
210809-4,VF083021_112203,day0_trial_2,Chamber 2,Control,female,APOE33HN,Sound 3,1,30,5.81,100,0.04,0,5,August
210809-4,VF083021_112203,day0_trial_2,Chamber 2,Control,female,APOE33HN,Shock 1,1,2,0.39,100,0.93,0,14,August
210809-4,VF083021_112203,day0_trial_2,Chamber 2,Control,female,APOE33HN,Shock 2,1,2,0.39,100,0.67,0,6,August
210809-4,VF083021_112203,day0_trial_2,Chamber 2,Control,female,APOE33HN,Shock 3,2,1.967,0.38,98.33,0.97,0,16,August
,,,,,,,,,,,,,,,
210809-5,VF083021_113527,day0_trial3,Chamber1,HFD,male,APOE22HN,Sound 1,17,25.233,4.89,84.11,8.37,0,318,August
210809-5,VF083021_113527,day0_trial3,Chamber1,HFD,male,APOE22HN,Sound 2,3,29.933,5.8,99.78,0.29,0,18,August
210809-5,VF083021_113527,day0_trial3,Chamber1,HFD,male,APOE22HN,Sound 3,1,30,5.81,100,0.02,0,2,August
210809-5,VF083021_113527,day0_trial3,Chamber1,HFD,male,APOE22HN,Shock 1,1,0.4,0.08,20,26.83,0,215,August
210809-5,VF083021_113527,day0_trial3,Chamber1,HFD,male,APOE22HN,Shock 2,0,0,0,0,54.23,0,612,August
210809-5,VF083021_113527,day0_trial3,Chamber1,HFD,male,APOE22HN,Shock 3,1,0.333,0.06,16.67,128.92,0,812,August
,,,,,,,,,,,,,,,
210809-6,VF083021_113527,day0_trial3,Chamber 2,HFD,male,APOE22HN,Sound 1,2,29.767,5.77,99.22,0.32,0,48,August
210809-6,VF083021_113527,day0_trial3,Chamber 2,HFD,male,APOE22HN,Sound 2,2,29.967,5.81,99.89,0.06,0,15,August
210809-6,VF083021_113527,day0_trial3,Chamber 2,HFD,male,APOE22HN,Sound 3,2,29.967,5.81,99.89,0.04,0,17,August
210809-6,VF083021_113527,day0_trial3,Chamber 2,HFD,male,APOE22HN,Shock 1,3,1.933,0.37,96.67,2.15,0,34,August
210809-6,VF083021_113527,day0_trial3,Chamber 2,HFD,male,APOE22HN,Shock 2,1,1.9,0.37,95,1.43,0,15,August
210809-6,VF083021_113527,day0_trial3,Chamber 2,HFD,male,APOE22HN,Shock 3,2,1.967,0.38,98.33,1.97,0,21,August
,,,,,,,,,,,,,,,
210809-7,VF083021_115001,day0_trial4,Chamber1,HFD,male,APOE22HN,Sound 1,9,26.533,5.14,88.44,5.97,0,348,August
210809-7,VF083021_115001,day0_trial4,Chamber1,HFD,male,APOE22HN,Sound 2,5,29.167,5.65,97.22,1.25,0,233,August
210809-7,VF083021_115001,day0_trial4,Chamber1,HFD,male,APOE22HN,Sound 3,2,29.233,5.67,97.44,2.12,0,408,August
210809-7,VF083021_115001,day0_trial4,Chamber1,HFD,male,APOE22HN,Shock 1,1,0.667,0.13,33.33,71.23,0,486,August
210809-7,VF083021_115001,day0_trial4,Chamber1,HFD,male,APOE22HN,Shock 2,1,0.367,0.07,18.33,43.8,0,436,August
210809-7,VF083021_115001,day0_trial4,Chamber1,HFD,male,APOE22HN,Shock 3,1,0.333,0.06,16.67,71.1,0,568,August
,,,,,,,,,,,,,,,
210809-8,VF083021_115001,day0_trial4,Chamber 2,HFD,male,APOE22HN,Sound 1,4,29.433,5.7,98.11,0.99,0,23,August
210809-8,VF083021_115001,day0_trial4,Chamber 2,HFD,male,APOE22HN,Sound 2,1,30,5.81,100,0.26,0,8,August
210809-8,VF083021_115001,day0_trial4,Chamber 2,HFD,male,APOE22HN,Sound 3,1,30,5.81,100,0.08,0,8,August
210809-8,VF083021_115001,day0_trial4,Chamber 2,HFD,male,APOE22HN,Shock 1,3,1.6,0.31,80,3.93,0,19,August
210809-8,VF083021_115001,day0_trial4,Chamber 2,HFD,male,APOE22HN,Shock 2,3,1.733,0.34,86.67,3.9,0,26,August
210809-8,VF083021_115001,day0_trial4,Chamber 2,HFD,male,APOE22HN,Shock 3,1,0.533,0.1,26.67,7.1,0,51,August
,,,,,,,,,,,,,,,
210906-1,VF092721_101230,day0_trial1,Chamber1,Control,female,APOE22HN,Sound 1,6,3.5,0.68,11.67,87.46,0,718,September
210906-1,VF092721_101230,day0_trial1,Chamber1,Control,female,APOE22HN,Sound 2,10,7.7,1.49,25.67,31.53,0,417,September
210906-1,VF092721_101230,day0_trial1,Chamber1,Control,female,APOE22HN,Sound 3,12,14.8,2.87,49.33,26.69,0,420,September
210906-1,VF092721_101230,day0_trial1,Chamber1,Control,female,APOE22HN,Shock 1,0,0,0,0,649.1,0,3008,September
210906-1,VF092721_101230,day0_trial1,Chamber1,Control,female,APOE22HN,Shock 2,0,0,0,0,473,0,1561,September
210906-1,VF092721_101230,day0_trial1,Chamber1,Control,female,APOE22HN,Shock 3,0,0,0,0,365.6,2,879,September
,,,,,,,,,,,,,,,
210906-2,VF092721_101230,day0_trial1,Chamber 2,Control,female,APOE22HN,Sound 1,2,1.633,0.32,5.44,525.37,0,2564,September
210906-2,VF092721_101230,day0_trial1,Chamber 2,Control,female,APOE22HN,Sound 2,0,0,0,0,463.33,1,4067,September
210906-2,VF092721_101230,day0_trial1,Chamber 2,Control,female,APOE22HN,Sound 3,11,9.767,1.89,32.56,88.91,0,802,September
210906-2,VF092721_101230,day0_trial1,Chamber 2,Control,female,APOE22HN,Shock 1,0,0,0,0,896.42,260,2156,September
210906-2,VF092721_101230,day0_trial1,Chamber 2,Control,female,APOE22HN,Shock 2,0,0,0,0,758.28,49,1862,September
210906-2,VF092721_101230,day0_trial1,Chamber 2,Control,female,APOE22HN,Shock 3,0,0,0,0,918.65,66,2360,September
,,,,,,,,,,,,,,,
210906-3,VF092721_102648,day0_trial2,Chamber1,Control,female,APOE22HN,Sound 1,6,3.733,0.72,12.44,106.17,0,964,September
210906-3,VF092721_102648,day0_trial2,Chamber1,Control,female,APOE22HN,Sound 2,14,21.4,4.15,71.33,12.87,0,280,September
210906-3,VF092721_102648,day0_trial2,Chamber1,Control,female,APOE22HN,Sound 3,3,28,5.43,93.33,2.25,0,183,September
210906-3,VF092721_102648,day0_trial2,Chamber1,Control,female,APOE22HN,Shock 1,0,0,0,0,489.78,8,1985,September
210906-3,VF092721_102648,day0_trial2,Chamber1,Control,female,APOE22HN,Shock 2,0,0,0,0,389.68,0,1093,September
210906-3,VF092721_102648,day0_trial2,Chamber1,Control,female,APOE22HN,Shock 3,0,0,0,0,828.8,0,3405,September
,,,,,,,,,,,,,,,
210906-4,VF092721_102648,day0_trial2,Chamber 2,Control,female,APOE22HN,Sound 1,0,0,0,0,275.62,1,1688,September
210906-4,VF092721_102648,day0_trial2,Chamber 2,Control,female,APOE22HN,Sound 2,3,5.667,1.1,18.89,169.8,0,1120,September
210906-4,VF092721_102648,day0_trial2,Chamber 2,Control,female,APOE22HN,Sound 3,6,18.233,3.53,60.78,39.97,0,851,September
210906-4,VF092721_102648,day0_trial2,Chamber 2,Control,female,APOE22HN,Shock 1,0,0,0,0,1255.53,148,4106,September
210906-4,VF092721_102648,day0_trial2,Chamber 2,Control,female,APOE22HN,Shock 2,0,0,0,0,1341.15,248,4004,September
210906-4,VF092721_102648,day0_trial2,Chamber 2,Control,female,APOE22HN,Shock 3,0,0,0,0,1189.23,242,4285,September
,,,,,,,,,,,,,,,
210906-5,VF092721_104037,day0_trial3,Chamber1,Control,female,APOE22HN,Sound 1,9,5.667,1.1,18.89,77.38,0,581,September
210906-5,VF092721_104037,day0_trial3,Chamber1,Control,female,APOE22HN,Sound 2,15,14.333,2.78,47.78,25.83,0,813,September
210906-5,VF092721_104037,day0_trial3,Chamber1,Control,female,APOE22HN,Sound 3,10,27.8,5.39,92.67,1.78,0,84,September
210906-5,VF092721_104037,day0_trial3,Chamber1,Control,female,APOE22HN,Shock 1,0,0,0,0,605.93,0,3637,September
210906-5,VF092721_104037,day0_trial3,Chamber1,Control,female,APOE22HN,Shock 2,0,0,0,0,614.25,3,2333,September
210906-5,VF092721_104037,day0_trial3,Chamber1,Control,female,APOE22HN,Shock 3,0,0,0,0,432.75,0,1336,September
,,,,,,,,,,,,,,,
210906-6,VF092721_104037,day0_trial3,Chamber 2,Control,male,APOE22HN,Sound 1,0,0,0,0,503.75,0,1845,September
210906-6,VF092721_104037,day0_trial3,Chamber 2,Control,male,APOE22HN,Sound 2,2,1.567,0.3,5.22,212.42,0,861,September
210906-6,VF092721_104037,day0_trial3,Chamber 2,Control,male,APOE22HN,Sound 3,9,4.467,0.87,14.89,88.71,0,1226,September
210906-6,VF092721_104037,day0_trial3,Chamber 2,Control,male,APOE22HN,Shock 1,0,0,0,0,902.62,133,3520,September
210906-6,VF092721_104037,day0_trial3,Chamber 2,Control,male,APOE22HN,Shock 2,0,0,0,0,1015.03,37,2276,September
210906-6,VF092721_104037,day0_trial3,Chamber 2,Control,male,APOE22HN,Shock 3,0,0,0,0,895,0,1909,September
,,,,,,,,,,,,,,,
210906-7,VF092721_105220,day0_trial4,Chamber1,Control,female,APOE22HN,Sound 1,3,1.6,0.31,5.33,117.57,0,655,September
210906-7,VF092721_105220,day0_trial4,Chamber1,Control,female,APOE22HN,Sound 2,4,3.2,0.62,10.67,159.42,0,1370,September
210906-7,VF092721_105220,day0_trial4,Chamber1,Control,female,APOE22HN,Sound 3,10,21,4.07,70,26.76,0,514,September
210906-7,VF092721_105220,day0_trial4,Chamber1,Control,female,APOE22HN,Shock 1,0,0,0,0,372.78,7,1728,September
210906-7,VF092721_105220,day0_trial4,Chamber1,Control,female,APOE22HN,Shock 2,0,0,0,0,512.82,26,1789,September
210906-7,VF092721_105220,day0_trial4,Chamber1,Control,female,APOE22HN,Shock 3,0,0,0,0,531,0,1243,September
,,,,,,,,,,,,,,,
210906-8,VF092721_105220,day0_trial4,Chamber 2,Control,female,APOE22HN,Sound 1,0,0,0,0,587.72,1,2221,September
210906-8,VF092721_105220,day0_trial4,Chamber 2,Control,female,APOE22HN,Sound 2,4,2.533,0.49,8.44,309.48,0,2089,September
210906-8,VF092721_105220,day0_trial4,Chamber 2,Control,female,APOE22HN,Sound 3,10,20.433,3.96,68.11,20.17,0,329,September
210906-8,VF092721_105220,day0_trial4,Chamber 2,Control,female,APOE22HN,Shock 1,0,0,0,0,1555.12,37,3449,September
210906-8,VF092721_105220,day0_trial4,Chamber 2,Control,female,APOE22HN,Shock 2,0,0,0,0,1372.67,363,3978,September
210906-8,VF092721_105220,day0_trial4,Chamber 2,Control,female,APOE22HN,Shock 3,0,0,0,0,1345.68,0,3275,September
,,,,,,,,,,,,,,,
210906-9,VF092721_110519,day0_trial5,Chamber1,HFD,female,APOE44,Sound 1,9,6.167,1.2,20.56,72.04,0,1060,September
210906-9,VF092721_110519,day0_trial5,Chamber1,HFD,female,APOE44,Sound 2,12,9.533,1.85,31.78,24.14,0,308,September
210906-9,VF092721_110519,day0_trial5,Chamber1,HFD,female,APOE44,Sound 3,14,19.433,3.77,64.78,17.13,0,262,September
210906-9,VF092721_110519,day0_trial5,Chamber1,HFD,female,APOE44,Shock 1,0,0,0,0,453.93,5,2180,September
210906-9,VF092721_110519,day0_trial5,Chamber1,HFD,female,APOE44,Shock 2,0,0,0,0,669.75,0,3301,September
210906-9,VF092721_110519,day0_trial5,Chamber1,HFD,female,APOE44,Shock 3,0,0,0,0,286.03,0,1012,September
,,,,,,,,,,,,,,,
210906-10,VF092721_110519,day0_trial5,Chamber 2,HFD,female,APOE44,Sound 1,2,0.767,0.15,2.56,189.69,0,1470,September
210906-10,VF092721_110519,day0_trial5,Chamber 2,HFD,female,APOE44,Sound 2,6,20.667,4.01,68.89,25.52,0,613,September
210906-10,VF092721_110519,day0_trial5,Chamber 2,HFD,female,APOE44,Sound 3,7,26.733,5.18,89.11,5.78,0,277,September
210906-10,VF092721_110519,day0_trial5,Chamber 2,HFD,female,APOE44,Shock 1,0,0,0,0,1009.47,48,2796,September
210906-10,VF092721_110519,day0_trial5,Chamber 2,HFD,female,APOE44,Shock 2,0,0,0,0,854.42,0,2170,September
210906-10,VF092721_110519,day0_trial5,Chamber 2,HFD,female,APOE44,Shock 3,0,0,0,0,857.38,0,2260,September
,,,,,,,,,,,,,,,
210906-11,VF092721_111823,day0_trial6,Chamber1,HFD,female,APOE44,Sound 1,4,3.467,0.67,11.56,91.54,0,851,September
210906-11,VF092721_111823,day0_trial6,Chamber1,HFD,female,APOE44,Sound 2,3,2.467,0.48,8.22,91.13,0,800,September
210906-11,VF092721_111823,day0_trial6,Chamber1,HFD,female,APOE44,Sound 3,15,12.333,2.39,41.11,22.03,0,244,September
210906-11,VF092721_111823,day0_trial6,Chamber1,HFD,female,APOE44,Shock 1,0,0,0,0,461.4,0,2212,September
210906-11,VF092721_111823,day0_trial6,Chamber1,HFD,female,APOE44,Shock 2,0,0,0,0,480.48,0,2393,September
210906-11,VF092721_111823,day0_trial6,Chamber1,HFD,female,APOE44,Shock 3,0,0,0,0,352.6,0,2006,September
,,,,,,,,,,,,,,,
210906-12,VF092721_111823,day0_trial6,Chamber 2,HFD,female,APOE44,Sound 1,1,0.4,0.08,1.33,368.12,0,2041,September
210906-12,VF092721_111823,day0_trial6,Chamber 2,HFD,female,APOE44,Sound 2,6,11.933,2.31,39.78,88.43,0,802,September
210906-12,VF092721_111823,day0_trial6,Chamber 2,HFD,female,APOE44,Sound 3,5,18.433,3.57,61.44,54.35,0,802,September
210906-12,VF092721_111823,day0_trial6,Chamber 2,HFD,female,APOE44,Shock 1,0,0,0,0,1284.38,141,2932,September
210906-12,VF092721_111823,day0_trial6,Chamber 2,HFD,female,APOE44,Shock 2,0,0,0,0,1475.9,277,4572,September
210906-12,VF092721_111823,day0_trial6,Chamber 2,HFD,female,APOE44,Shock 3,0,0,0,0,1165.62,0,2955,September
,,,,,,,,,,,,,,,
210906-13,VF092721_113019,day0_trial7,Chamber1,HFD,female,APOE44,Sound 1,4,2.033,0.39,6.78,112.55,0,1160,September
210906-13,VF092721_113019,day0_trial7,Chamber1,HFD,female,APOE44,Sound 2,11,9.667,1.87,32.22,29.87,0,467,September
210906-13,VF092721_113019,day0_trial7,Chamber1,HFD,female,APOE44,Sound 3,11,19.033,3.69,63.44,19.67,0,359,September
210906-13,VF092721_113019,day0_trial7,Chamber1,HFD,female,APOE44,Shock 1,0,0,0,0,526.43,24,3216,September
210906-13,VF092721_113019,day0_trial7,Chamber1,HFD,female,APOE44,Shock 2,0,0,0,0,792.68,12,3407,September
210906-13,VF092721_113019,day0_trial7,Chamber1,HFD,female,APOE44,Shock 3,0,0,0,0,438.7,0,1249,September
,,,,,,,,,,,,,,,
210906-14,VF092721_113019,day0_trial7,Chamber 2,HFD,female,APOE44,Sound 1,0,0,0,0,536.67,6,1911,September
210906-14,VF092721_113019,day0_trial7,Chamber 2,HFD,female,APOE44,Sound 2,7,5.1,0.99,17,147.11,0,1357,September
210906-14,VF092721_113019,day0_trial7,Chamber 2,HFD,female,APOE44,Sound 3,4,6.6,1.28,22,156.7,0,1367,September
210906-14,VF092721_113019,day0_trial7,Chamber 2,HFD,female,APOE44,Shock 1,0,0,0,0,1302.22,253,3984,September
210906-14,VF092721_113019,day0_trial7,Chamber 2,HFD,female,APOE44,Shock 2,0,0,0,0,1385.72,231,3385,September
210906-14,VF092721_113019,day0_trial7,Chamber 2,HFD,female,APOE44,Shock 3,0,0,0,0,1093.23,123,2616,September
,,,,,,,,,,,,,,,
210906-15,VF092721_114355,day0_trial8,Chamber1,HFD,female,APOE44,Sound 1,9,5.133,0.99,17.11,90.72,0,736,September
210906-15,VF092721_114355,day0_trial8,Chamber1,HFD,female,APOE44,Sound 2,6,10.933,2.12,36.44,58.19,0,691,September
210906-15,VF092721_114355,day0_trial8,Chamber1,HFD,female,APOE44,Sound 3,7,11.733,2.27,39.11,93.59,0,972,September
210906-15,VF092721_114355,day0_trial8,Chamber1,HFD,female,APOE44,Shock 1,0,0,0,0,550.97,52,1773,September
210906-15,VF092721_114355,day0_trial8,Chamber1,HFD,female,APOE44,Shock 2,0,0,0,0,512.07,0,1482,September
210906-15,VF092721_114355,day0_trial8,Chamber1,HFD,female,APOE44,Shock 3,0,0,0,0,755.88,15,3628,September
,,,,,,,,,,,,,,,
210906-16,VF092721_114355,day0_trial8,Chamber 2,HFD,female,APOE44,Sound 1,1,0.667,0.13,2.22,467.81,0,2248,September
210906-16,VF092721_114355,day0_trial8,Chamber 2,HFD,female,APOE44,Sound 2,4,6.8,1.32,22.67,183.09,0,1491,September
210906-16,VF092721_114355,day0_trial8,Chamber 2,HFD,female,APOE44,Sound 3,3,9.1,1.76,30.33,173.59,0,1521,September
210906-16,VF092721_114355,day0_trial8,Chamber 2,HFD,female,APOE44,Shock 1,0,0,0,0,1452.48,71,5228,September
210906-16,VF092721_114355,day0_trial8,Chamber 2,HFD,female,APOE44,Shock 2,0,0,0,0,1571.1,0,5492,September
210906-16,VF092721_114355,day0_trial8,Chamber 2,HFD,female,APOE44,Shock 3,0,0,0,0,1229.2,0,4235,September
,,,,,,,,,,,,,,,
210906-17,VF092721_115512,day0_trial9,Chamber1,HFD,female,APOE44,Sound 1,12,7.3,1.41,24.33,76.05,0,506,September
210906-17,VF092721_115512,day0_trial9,Chamber1,HFD,female,APOE44,Sound 2,16,17.5,3.39,58.33,15,0,305,September
210906-17,VF092721_115512,day0_trial9,Chamber1,HFD,female,APOE44,Sound 3,8,27.133,5.26,90.44,3.08,0,686,September
210906-17,VF092721_115512,day0_trial9,Chamber1,HFD,female,APOE44,Shock 1,0,0,0,0,616.2,11,3366,September
210906-17,VF092721_115512,day0_trial9,Chamber1,HFD,female,APOE44,Shock 2,0,0,0,0,424.03,2,1269,September
210906-17,VF092721_115512,day0_trial9,Chamber1,HFD,female,APOE44,Shock 3,0,0,0,0,664.88,0,2569,September
,,,,,,,,,,,,,,,
210906-18,VF092721_115512,day0_trial9,Chamber 2,HFD,female,APOE44,Sound 1,1,0.367,0.07,1.22,412.54,0,1904,September
210906-18,VF092721_115512,day0_trial9,Chamber 2,HFD,female,APOE44,Sound 2,4,2.8,0.54,9.33,212.53,0,1537,September
210906-18,VF092721_115512,day0_trial9,Chamber 2,HFD,female,APOE44,Sound 3,10,12.7,2.46,42.33,99.99,0,986,September
210906-18,VF092721_115512,day0_trial9,Chamber 2,HFD,female,APOE44,Shock 1,0,0,0,0,1117.2,0,4285,September
210906-18,VF092721_115512,day0_trial9,Chamber 2,HFD,female,APOE44,Shock 2,0,0,0,0,1456.13,216,4906,September
210906-18,VF092721_115512,day0_trial9,Chamber 2,HFD,female,APOE44,Shock 3,0,0,0,0,939.92,0,4485,September
,,,,,,,,,,,,,,,
210906-19,VF092721_120657,day0_trial10,Chamber1,,,,Sound 1,5,3.6,0.7,12,110.46,0,817,September
210906-19,VF092721_120657,day0_trial10,Chamber1,,,,Sound 2,8,25.467,4.94,84.89,4.78,0,261,September
210906-19,VF092721_120657,day0_trial10,Chamber1,,,,Sound 3,7,27.967,5.42,93.22,1.65,0,81,September
210906-19,VF092721_120657,day0_trial10,Chamber1,,,,Shock 1,0,0,0,0,590.1,45,2681,September
210906-19,VF092721_120657,day0_trial10,Chamber1,,,,Shock 2,0,0,0,0,912.13,0,4833,September
210906-19,VF092721_120657,day0_trial10,Chamber1,,,,Shock 3,0,0,0,0,767.2,0,2243,September
,,,,,,,,,,,,,,,
210906-20,VF092721_120657,day0_trial10,Chamber 2,,,,Sound 1,6,3.833,0.74,12.78,224.37,0,1305,September
210906-20,VF092721_120657,day0_trial10,Chamber 2,,,,Sound 2,8,17.233,3.34,57.44,43.17,0,438,September
210906-20,VF092721_120657,day0_trial10,Chamber 2,,,,Sound 3,7,13.067,2.53,43.56,86.66,0,1219,September
210906-20,VF092721_120657,day0_trial10,Chamber 2,,,,Shock 1,0,0,0,0,1549.12,89,4967,September
210906-20,VF092721_120657,day0_trial10,Chamber 2,,,,Shock 2,0,0,0,0,1501.92,0,4091,September
210906-20,VF092721_120657,day0_trial10,Chamber 2,,,,Shock 3,0,0,0,0,1412.18,56,4687,September
,,,,,,,,,,,,,,,
210906-21,VF092721_122138,day0_trial11_2,Chamber1,,,,Sound 1,11,6.167,1.2,20.56,56.04,0,486,September
210906-21,VF092721_122138,day0_trial11_2,Chamber1,,,,Sound 2,16,13.933,2.7,46.44,22.75,0,239,September
210906-21,VF092721_122138,day0_trial11_2,Chamber1,,,,Sound 3,12,25.167,4.88,83.89,4.51,0,123,September
210906-21,VF092721_122138,day0_trial11_2,Chamber1,,,,Shock 1,0,0,0,0,715.98,24,3224,September
210906-21,VF092721_122138,day0_trial11_2,Chamber1,,,,Shock 2,0,0,0,0,527.55,0,1659,September
210906-21,VF092721_122138,day0_trial11_2,Chamber1,,,,Shock 3,0,0,0,0,847.98,4,3261,September
,,,,,,,,,,,,,,,
210906-22,VF092721_122138,day0_trial11_2,Chamber 2,,,,Sound 1,0,0,0,0,289.74,0,1741,September
210906-22,VF092721_122138,day0_trial11_2,Chamber 2,,,,Sound 2,13,18.9,3.66,63,22.36,0,656,September
210906-22,VF092721_122138,day0_trial11_2,Chamber 2,,,,Sound 3,8,25.067,4.86,83.56,6.24,0,152,September
210906-22,VF092721_122138,day0_trial11_2,Chamber 2,,,,Shock 1,0,0,0,0,1727.32,260,5031,September
210906-22,VF092721_122138,day0_trial11_2,Chamber 2,,,,Shock 2,0,0,0,0,1460.25,0,4509,September
210906-22,VF092721_122138,day0_trial11_2,Chamber 2,,,,Shock 3,0,0,0,0,1591.45,0,4959,September
,,,,,,,,,,,,,,,
210906-23,VF092721_123229,day0_trial12,Chamber1,,,,Sound 1,3,1.733,0.34,5.78,173.47,0,1079,September
210906-23,VF092721_123229,day0_trial12,Chamber1,,,,Sound 2,18,17.533,3.4,58.44,21.45,0,271,September
210906-23,VF092721_123229,day0_trial12,Chamber1,,,,Sound 3,13,18.633,3.61,62.11,21.12,0,420,September
210906-23,VF092721_123229,day0_trial12,Chamber1,,,,Shock 1,0,0,0,0,483.95,22,2286,September
210906-23,VF092721_123229,day0_trial12,Chamber1,,,,Shock 2,0,0,0,0,532.15,0,2061,September
210906-23,VF092721_123229,day0_trial12,Chamber1,,,,Shock 3,0,0,0,0,413.58,3,1971,September
,,,,,,,,,,,,,,,
210906-24,VF092721_123229,day0_trial12,Chamber 2,,,,Sound 1,0,0,0,0,374.31,0,1460,September
210906-24,VF092721_123229,day0_trial12,Chamber 2,,,,Sound 2,8,7.2,1.4,24,140.3,0,1024,September
210906-24,VF092721_123229,day0_trial12,Chamber 2,,,,Sound 3,7,21.8,4.22,72.67,31.39,0,988,September
210906-24,VF092721_123229,day0_trial12,Chamber 2,,,,Shock 1,0,0,0,0,1017.27,162,2200,September
210906-24,VF092721_123229,day0_trial12,Chamber 2,,,,Shock 2,0,0,0,0,1050.22,0,2708,September
210906-24,VF092721_123229,day0_trial12,Chamber 2,,,,Shock 3,0,0,0,0,1407.28,0,4487,September
,,,,,,,,,,,,,,,
211004-1,VF102521_100056,day0_trial1,Chamber1,Control,male,APOE33,Sound 1,6,2.7,0.52,9,81.61,0,435,October
211004-1,VF102521_100056,day0_trial1,Chamber1,Control,male,APOE33,Sound 2,9,16.2,3.14,54,21.3,0,242,October
211004-1,VF102521_100056,day0_trial1,Chamber1,Control,male,APOE33,Sound 3,8,25.133,4.87,83.78,5.21,0,221,October
211004-1,VF102521_100056,day0_trial1,Chamber1,Control,male,APOE33,Shock 1,0,0,0,0,393.37,83,1366,October
211004-1,VF102521_100056,day0_trial1,Chamber1,Control,male,APOE33,Shock 2,0,0,0,0,399.63,0,1359,October
211004-1,VF102521_100056,day0_trial1,Chamber1,Control,male,APOE33,Shock 3,0,0,0,0,281.07,3,1035,October
,,,,,,,,,,,,,,,
211004-2,VF102521_100056,day0_trial1,Chamber 2,Control,male,APOE33,Sound 1,1,0.4,0.08,1.33,318.71,0,1400,October
211004-2,VF102521_100056,day0_trial1,Chamber 2,Control,male,APOE33,Sound 2,10,9.8,1.9,32.67,168.08,0,1204,October
211004-2,VF102521_100056,day0_trial1,Chamber 2,Control,male,APOE33,Sound 3,9,25.967,5.03,86.56,4.47,0,225,October
211004-2,VF102521_100056,day0_trial1,Chamber 2,Control,male,APOE33,Shock 1,0,0,0,0,1051.77,232,2344,October
211004-2,VF102521_100056,day0_trial1,Chamber 2,Control,male,APOE33,Shock 2,0,0,0,0,996.37,108,2983,October
211004-2,VF102521_100056,day0_trial1,Chamber 2,Control,male,APOE33,Shock 3,0,0,0,0,1145.67,119,3813,October
,,,,,,,,,,,,,,,
211004-3,VF102521_101719,day0_trial2,Chamber1,Control,male,APOE33,Sound 1,8,7.5,1.45,25,50.8,0,509,October
211004-3,VF102521_101719,day0_trial2,Chamber1,Control,male,APOE33,Sound 2,5,9.567,1.85,31.89,31.32,0,289,October
211004-3,VF102521_101719,day0_trial2,Chamber1,Control,male,APOE33,Sound 3,9,27.533,5.34,91.78,2.1,0,166,October
211004-3,VF102521_101719,day0_trial2,Chamber1,Control,male,APOE33,Shock 1,0,0,0,0,474.07,11,1568,October
211004-3,VF102521_101719,day0_trial2,Chamber1,Control,male,APOE33,Shock 2,0,0,0,0,596.33,0,2574,October
211004-3,VF102521_101719,day0_trial2,Chamber1,Control,male,APOE33,Shock 3,0,0,0,0,608.73,1,2438,October
,,,,,,,,,,,,,,,
211004-5,VF102521_101719,day0_trial2,Chamber 2,HFD,female,APOE33,Sound 1,1,0.4,0.08,1.33,292.35,0,1295,October
211004-5,VF102521_101719,day0_trial2,Chamber 2,HFD,female,APOE33,Sound 2,10,8.867,1.72,29.56,101.01,0,1079,October
211004-5,VF102521_101719,day0_trial2,Chamber 2,HFD,female,APOE33,Sound 3,11,11.433,2.22,38.11,51.24,0,841,October
211004-5,VF102521_101719,day0_trial2,Chamber 2,HFD,female,APOE33,Shock 1,0,0,0,0,890.48,76,2428,October
211004-5,VF102521_101719,day0_trial2,Chamber 2,HFD,female,APOE33,Shock 2,0,0,0,0,844.67,30,1893,October
211004-5,VF102521_101719,day0_trial2,Chamber 2,HFD,female,APOE33,Shock 3,0,0,0,0,904.57,30,2471,October
,,,,,,,,,,,,,,,
211004-9,VF102521_102924,day0_trial3,Chamber1,HFD,female,APOE33,Sound 1,7,4.167,0.81,13.89,61.36,0,507,October
211004-9,VF102521_102924,day0_trial3,Chamber1,HFD,female,APOE33,Sound 2,18,24.767,4.8,82.56,4.02,0,173,October
211004-9,VF102521_102924,day0_trial3,Chamber1,HFD,female,APOE33,Sound 3,6,27.2,5.27,90.67,1.76,0,40,October
211004-9,VF102521_102924,day0_trial3,Chamber1,HFD,female,APOE33,Shock 1,0,0,0,0,532.65,28,1840,October
211004-9,VF102521_102924,day0_trial3,Chamber1,HFD,female,APOE33,Shock 2,0,0,0,0,363.27,0,921,October
211004-9,VF102521_102924,day0_trial3,Chamber1,HFD,female,APOE33,Shock 3,0,0,0,0,622.1,0,1888,October
,,,,,,,,,,,,,,,
211004-10,VF102521_102924,day0_trial3,Chamber 2,Control,female,APOE44HN,Sound 1,0,0,0,0,290.79,0,1214,October
211004-10,VF102521_102924,day0_trial3,Chamber 2,Control,female,APOE44HN,Sound 2,1,0.333,0.06,1.11,93.06,0,536,October
211004-10,VF102521_102924,day0_trial3,Chamber 2,Control,female,APOE44HN,Sound 3,6,2.4,0.47,8,59.66,0,748,October
211004-10,VF102521_102924,day0_trial3,Chamber 2,Control,female,APOE44HN,Shock 1,0,0,0,0,1006.27,164,2717,October
211004-10,VF102521_102924,day0_trial3,Chamber 2,Control,female,APOE44HN,Shock 2,0,0,0,0,1022.43,44,2957,October
211004-10,VF102521_102924,day0_trial3,Chamber 2,Control,female,APOE44HN,Shock 3,0,0,0,0,1059.63,0,3350,October
,,,,,,,,,,,,,,,
211004-11,VF102521_104255,day0_trial4,Chamber1,Control,female,APOE44HN,Sound 1,15,13.067,2.53,43.56,24.09,0,297,October
211004-11,VF102521_104255,day0_trial4,Chamber1,Control,female,APOE44HN,Sound 2,11,11.867,2.3,39.56,21.17,0,210,October
211004-11,VF102521_104255,day0_trial4,Chamber1,Control,female,APOE44HN,Sound 3,17,22,4.26,73.33,7.34,0,119,October
211004-11,VF102521_104255,day0_trial4,Chamber1,Control,female,APOE44HN,Shock 1,0,0,0,0,565.15,14,2447,October
211004-11,VF102521_104255,day0_trial4,Chamber1,Control,female,APOE44HN,Shock 2,0,0,0,0,428.57,1,1553,October
211004-11,VF102521_104255,day0_trial4,Chamber1,Control,female,APOE44HN,Shock 3,0,0,0,0,437.7,2,1413,October
,,,,,,,,,,,,,,,
211004-12,VF102521_104255,day0_trial4,Chamber 2,Control,female,APOE44HN,Sound 1,1,0.433,0.08,1.44,179.65,0,1315,October
211004-12,VF102521_104255,day0_trial4,Chamber 2,Control,female,APOE44HN,Sound 2,6,4.767,0.92,15.89,49.26,0,388,October
211004-12,VF102521_104255,day0_trial4,Chamber 2,Control,female,APOE44HN,Sound 3,11,22.367,4.33,74.56,8.65,0,181,October
211004-12,VF102521_104255,day0_trial4,Chamber 2,Control,female,APOE44HN,Shock 1,0,0,0,0,954.68,12,2204,October
211004-12,VF102521_104255,day0_trial4,Chamber 2,Control,female,APOE44HN,Shock 2,0,0,0,0,953.67,47,4038,October
211004-12,VF102521_104255,day0_trial4,Chamber 2,Control,female,APOE44HN,Shock 3,0,0,0,0,1064.33,0,3270,October
,,,,,,,,,,,,,,,
211004-13,VF102521_105644,day0_trial5,Chamber1,Control,female,APOE44HN,Sound 1,6,5.7,1.1,19,51.93,0,550,October
211004-13,VF102521_105644,day0_trial5,Chamber1,Control,female,APOE44HN,Sound 2,10,13.767,2.67,45.89,18.69,0,373,October
211004-13,VF102521_105644,day0_trial5,Chamber1,Control,female,APOE44HN,Sound 3,17,17.367,3.37,57.89,11.7,0,128,October
211004-13,VF102521_105644,day0_trial5,Chamber1,Control,female,APOE44HN,Shock 1,0,0,0,0,709.17,47,3434,October
211004-13,VF102521_105644,day0_trial5,Chamber1,Control,female,APOE44HN,Shock 2,0,0,0,0,324.17,0,1139,October
211004-13,VF102521_105644,day0_trial5,Chamber1,Control,female,APOE44HN,Shock 3,0,0,0,0,388.07,0,1295,October
,,,,,,,,,,,,,,,
211004-14,VF102521_105644,day0_trial5,Chamber 2,HFD,male,APOE44HN,Sound 1,0,0,0,0,216.47,0,1124,October
211004-14,VF102521_105644,day0_trial5,Chamber 2,HFD,male,APOE44HN,Sound 2,10,5.033,0.98,16.78,97.56,0,1089,October
211004-14,VF102521_105644,day0_trial5,Chamber 2,HFD,male,APOE44HN,Sound 3,4,2.6,0.5,8.67,221.49,0,2519,October
211004-14,VF102521_105644,day0_trial5,Chamber 2,HFD,male,APOE44HN,Shock 1,0,0,0,0,1034.9,58,4624,October
211004-14,VF102521_105644,day0_trial5,Chamber 2,HFD,male,APOE44HN,Shock 2,0,0,0,0,821.63,27,2088,October
211004-14,VF102521_105644,day0_trial5,Chamber 2,HFD,male,APOE44HN,Shock 3,0,0,0,0,1140.42,0,4041,October
,,,,,,,,,,,,,,,
211004-15,VF102521_111017,day0_trial6,Chamber1,HFD,male,APOE44HN,Sound 1,2,1.567,0.3,5.22,60.29,0,524,October
211004-15,VF102521_111017,day0_trial6,Chamber1,HFD,male,APOE44HN,Sound 2,12,15.433,2.99,51.44,12.01,0,267,October
211004-15,VF102521_111017,day0_trial6,Chamber1,HFD,male,APOE44HN,Sound 3,8,28.533,5.53,95.11,1.28,0,34,October
211004-15,VF102521_111017,day0_trial6,Chamber1,HFD,male,APOE44HN,Shock 1,0,0,0,0,551.32,1,2615,October
211004-15,VF102521_111017,day0_trial6,Chamber1,HFD,male,APOE44HN,Shock 2,0,0,0,0,506.72,0,2418,October
211004-15,VF102521_111017,day0_trial6,Chamber1,HFD,male,APOE44HN,Shock 3,0,0,0,0,410.9,0,1544,October
,,,,,,,,,,,,,,,
211004-16,VF102521_111017,day0_trial6,Chamber 2,HFD,male,APOE44HN,Sound 1,0,0,0,0,213.07,0,994,October
211004-16,VF102521_111017,day0_trial6,Chamber 2,HFD,male,APOE44HN,Sound 2,7,4.533,0.88,15.11,97.48,0,1035,October
211004-16,VF102521_111017,day0_trial6,Chamber 2,HFD,male,APOE44HN,Sound 3,18,16.4,3.18,54.67,25.62,0,406,October
211004-16,VF102521_111017,day0_trial6,Chamber 2,HFD,male,APOE44HN,Shock 1,0,0,0,0,859.4,1,3056,October
211004-16,VF102521_111017,day0_trial6,Chamber 2,HFD,male,APOE44HN,Shock 2,0,0,0,0,767.7,26,2200,October
211004-16,VF102521_111017,day0_trial6,Chamber 2,HFD,male,APOE44HN,Shock 3,0,0,0,0,693.7,0,2192,October
,,,,,,,,,,,,,,,
211004-17,VF102521_112316,day0_trial7,Chamber1,HFD,male,APOE44HN,Sound 1,6,8.133,1.58,27.11,42.3,0,351,October
211004-17,VF102521_112316,day0_trial7,Chamber1,HFD,male,APOE44HN,Sound 2,18,19.367,3.75,64.56,13.01,0,224,October
211004-17,VF102521_112316,day0_trial7,Chamber1,HFD,male,APOE44HN,Sound 3,14,22.367,4.33,74.56,7.37,0,319,October
211004-17,VF102521_112316,day0_trial7,Chamber1,HFD,male,APOE44HN,Shock 1,0,0,0,0,534.97,33,2184,October
211004-17,VF102521_112316,day0_trial7,Chamber1,HFD,male,APOE44HN,Shock 2,0,0,0,0,495.72,0,1510,October
211004-17,VF102521_112316,day0_trial7,Chamber1,HFD,male,APOE44HN,Shock 3,0,0,0,0,565.4,0,1647,October
,,,,,,,,,,,,,,,
211004-19,VF102521_112316,day0_trial7,Chamber 2,Control,male,APOE44,Sound 1,6,5.033,0.98,16.78,212.15,0,1203,October
211004-19,VF102521_112316,day0_trial7,Chamber 2,Control,male,APOE44,Sound 2,2,1.6,0.31,5.33,174.01,0,964,October
211004-19,VF102521_112316,day0_trial7,Chamber 2,Control,male,APOE44,Sound 3,9,16.8,3.26,56,22.56,0,323,October
211004-19,VF102521_112316,day0_trial7,Chamber 2,Control,male,APOE44,Shock 1,0,0,0,0,1253.17,43,3685,October
211004-19,VF102521_112316,day0_trial7,Chamber 2,Control,male,APOE44,Shock 2,0,0,0,0,1018.93,58,4839,October
211004-19,VF102521_112316,day0_trial7,Chamber 2,Control,male,APOE44,Shock 3,0,0,0,0,1204.97,0,3647,October
,,,,,,,,,,,,,,,
211004-20,VF102521_113559,day0_trial8,Chamber1,Control,female,APOE44,Sound 1,6,3.633,0.7,12.11,93.98,0,911,October
211004-20,VF102521_113559,day0_trial8,Chamber1,Control,female,APOE44,Sound 2,14,10.7,2.07,35.67,18.59,0,150,October
211004-20,VF102521_113559,day0_trial8,Chamber1,Control,female,APOE44,Sound 3,19,22,4.26,73.33,10.4,0,197,October
211004-20,VF102521_113559,day0_trial8,Chamber1,Control,female,APOE44,Shock 1,0,0,0,0,417.35,15,1289,October
211004-20,VF102521_113559,day0_trial8,Chamber1,Control,female,APOE44,Shock 2,0,0,0,0,466.18,0,2389,October
211004-20,VF102521_113559,day0_trial8,Chamber1,Control,female,APOE44,Shock 3,0,0,0,0,263.83,0,1311,October
,,,,,,,,,,,,,,,
211004-21,VF102521_113559,day0_trial8,Chamber 2,Control,male,APOE44HN,Sound 1,3,1.367,0.26,4.56,172.21,0,1029,October
211004-21,VF102521_113559,day0_trial8,Chamber 2,Control,male,APOE44HN,Sound 2,1,0.433,0.08,1.44,134.49,0,553,October
211004-21,VF102521_113559,day0_trial8,Chamber 2,Control,male,APOE44HN,Sound 3,8,6,1.16,20,63.31,0,500,October
211004-21,VF102521_113559,day0_trial8,Chamber 2,Control,male,APOE44HN,Shock 1,0,0,0,0,894.43,110,3695,October
211004-21,VF102521_113559,day0_trial8,Chamber 2,Control,male,APOE44HN,Shock 2,0,0,0,0,1000.22,57,2636,October
211004-21,VF102521_113559,day0_trial8,Chamber 2,Control,male,APOE44HN,Shock 3,0,0,0,0,686.25,4,2707,October
,,,,,,,,,,,,,,,
211122-1,VF121321_094147,day0_trial1,Chamber1,HFD,female,APOE22HN,Sound 1,9,4.6,0.89,15.33,56.42,0,557,November
211122-1,VF121321_094147,day0_trial1,Chamber1,HFD,female,APOE22HN,Sound 2,13,7.467,1.45,24.89,30.85,0,355,November
211122-1,VF121321_094147,day0_trial1,Chamber1,HFD,female,APOE22HN,Sound 3,19,22.067,4.28,73.56,5.44,0,66,November
211122-1,VF121321_094147,day0_trial1,Chamber1,HFD,female,APOE22HN,Shock 1,0,0,0,0,351.37,0,945,November
211122-1,VF121321_094147,day0_trial1,Chamber1,HFD,female,APOE22HN,Shock 2,0,0,0,0,423.2,3,1583,November
211122-1,VF121321_094147,day0_trial1,Chamber1,HFD,female,APOE22HN,Shock 3,0,0,0,0,403.93,0,1186,November
,,,,,,,,,,,,,,,
211122-2,VF121321_094147,day0_trial1,Chamber 2,HFD,female,APOE22HN,Sound 1,6,2.767,0.54,9.22,237.85,0,1402,November
211122-2,VF121321_094147,day0_trial1,Chamber 2,HFD,female,APOE22HN,Sound 2,10,7.8,1.51,26,84.73,0,566,November
211122-2,VF121321_094147,day0_trial1,Chamber 2,HFD,female,APOE22HN,Sound 3,8,16.467,3.19,54.89,34.1,0,349,November
211122-2,VF121321_094147,day0_trial1,Chamber 2,HFD,female,APOE22HN,Shock 1,0,0,0,0,947.32,108,1849,November
211122-2,VF121321_094147,day0_trial1,Chamber 2,HFD,female,APOE22HN,Shock 2,0,0,0,0,731.85,44,1530,November
211122-2,VF121321_094147,day0_trial1,Chamber 2,HFD,female,APOE22HN,Shock 3,0,0,0,0,991.55,0,2652,November
,,,,,,,,,,,,,,,
211122-3,VF121321_095811,day0_trial2,Chamber1,HFD,female,APOE22HN,Sound 1,9,5.1,0.99,17,69.61,0,701,November
211122-3,VF121321_095811,day0_trial2,Chamber1,HFD,female,APOE22HN,Sound 2,18,18.9,3.66,63,12.22,0,148,November
211122-3,VF121321_095811,day0_trial2,Chamber1,HFD,female,APOE22HN,Sound 3,13,24.6,4.77,82,4.9,0,167,November
211122-3,VF121321_095811,day0_trial2,Chamber1,HFD,female,APOE22HN,Shock 1,0,0,0,0,500.63,10,2417,November
211122-3,VF121321_095811,day0_trial2,Chamber1,HFD,female,APOE22HN,Shock 2,0,0,0,0,596.4,0,2598,November
211122-3,VF121321_095811,day0_trial2,Chamber1,HFD,female,APOE22HN,Shock 3,0,0,0,0,377.1,0,1672,November
,,,,,,,,,,,,,,,
211122-4,VF121321_095811,day0_trial2,Chamber 2,HFD,female,APOE22HN,Sound 1,0,0,0,0,377.85,12,1559,November
211122-4,VF121321_095811,day0_trial2,Chamber 2,HFD,female,APOE22HN,Sound 2,0,0,0,0,382.21,0,1495,November
211122-4,VF121321_095811,day0_trial2,Chamber 2,HFD,female,APOE22HN,Sound 3,10,11.733,2.27,39.11,88.01,0,1598,November
211122-4,VF121321_095811,day0_trial2,Chamber 2,HFD,female,APOE22HN,Shock 1,0,0,0,0,1259.45,280,4657,November
211122-4,VF121321_095811,day0_trial2,Chamber 2,HFD,female,APOE22HN,Shock 2,0,0,0,0,1017.07,120,3208,November
211122-4,VF121321_095811,day0_trial2,Chamber 2,HFD,female,APOE22HN,Shock 3,0,0,0,0,954.5,0,1995,November
,,,,,,,,,,,,,,,
211122-5,VF121321_100853,day0_trial3,Chamber1,HFD,female,APOE22HN,Sound 1,1,0.467,0.09,1.56,144.09,0,1050,November
211122-5,VF121321_100853,day0_trial3,Chamber1,HFD,female,APOE22HN,Sound 2,17,16,3.1,53.33,25.71,0,372,November
211122-5,VF121321_100853,day0_trial3,Chamber1,HFD,female,APOE22HN,Sound 3,8,17.033,3.3,56.78,29.78,0,421,November
211122-5,VF121321_100853,day0_trial3,Chamber1,HFD,female,APOE22HN,Shock 1,0,0,0,0,286.33,3,1347,November
211122-5,VF121321_100853,day0_trial3,Chamber1,HFD,female,APOE22HN,Shock 2,0,0,0,0,198.37,0,502,November
211122-5,VF121321_100853,day0_trial3,Chamber1,HFD,female,APOE22HN,Shock 3,0,0,0,0,257.3,0,827,November
,,,,,,,,,,,,,,,
211122-6,VF121321_100853,day0_trial3,Chamber 2,HFD,female,APOE22HN,Sound 1,0,0,0,0,295.63,0,1252,November
211122-6,VF121321_100853,day0_trial3,Chamber 2,HFD,female,APOE22HN,Sound 2,8,11.933,2.31,39.78,91.24,0,1020,November
211122-6,VF121321_100853,day0_trial3,Chamber 2,HFD,female,APOE22HN,Sound 3,9,14.433,2.8,48.11,25.49,0,257,November
211122-6,VF121321_100853,day0_trial3,Chamber 2,HFD,female,APOE22HN,Shock 1,0,0,0,0,663.2,179,1863,November
211122-6,VF121321_100853,day0_trial3,Chamber 2,HFD,female,APOE22HN,Shock 2,0,0,0,0,656.85,0,2325,November
211122-6,VF121321_100853,day0_trial3,Chamber 2,HFD,female,APOE22HN,Shock 3,0,0,0,0,815.15,0,2130,November
,,,,,,,,,,,,,,,
211122-7,VF121321_102045,day0_trial4,Chamber1,HFD,female,APOE22HN,Sound 1,3,2.3,0.45,7.67,77.63,0,699,November
211122-7,VF121321_102045,day0_trial4,Chamber1,HFD,female,APOE22HN,Sound 2,23,22.433,4.35,74.78,6.17,0,125,November
211122-7,VF121321_102045,day0_trial4,Chamber1,HFD,female,APOE22HN,Sound 3,10,25.867,5.01,86.22,6.77,0,404,November
211122-7,VF121321_102045,day0_trial4,Chamber1,HFD,female,APOE22HN,Shock 1,0,0,0,0,380.38,1,1084,November
211122-7,VF121321_102045,day0_trial4,Chamber1,HFD,female,APOE22HN,Shock 2,0,0,0,0,253.75,6,691,November
211122-7,VF121321_102045,day0_trial4,Chamber1,HFD,female,APOE22HN,Shock 3,0,0,0,0,415.48,0,1329,November
,,,,,,,,,,,,,,,
211122-8,VF121321_102045,day0_trial4,Chamber 2,HFD,female,APOE22HN,Sound 1,0,0,0,0,451.09,0,1451,November
211122-8,VF121321_102045,day0_trial4,Chamber 2,HFD,female,APOE22HN,Sound 2,1,1.267,0.25,4.22,273.93,0,1145,November
211122-8,VF121321_102045,day0_trial4,Chamber 2,HFD,female,APOE22HN,Sound 3,7,15.767,3.06,52.56,50.51,0,607,November
211122-8,VF121321_102045,day0_trial4,Chamber 2,HFD,female,APOE22HN,Shock 1,0,0,0,0,1075.32,154,3623,November
211122-8,VF121321_102045,day0_trial4,Chamber 2,HFD,female,APOE22HN,Shock 2,0,0,0,0,890.1,0,2150,November
211122-8,VF121321_102045,day0_trial4,Chamber 2,HFD,female,APOE22HN,Shock 3,0,0,0,0,953.17,0,2154,November
,,,,,,,,,,,,,,,
211122-9,VF121321_103215,day0_trial5,Chamber1,Control,male,APOE22HN,Sound 1,15,12.367,2.4,41.22,36.37,0,657,November
211122-9,VF121321_103215,day0_trial5,Chamber1,Control,male,APOE22HN,Sound 2,10,27.767,5.38,92.56,2.04,0,108,November
211122-9,VF121321_103215,day0_trial5,Chamber1,Control,male,APOE22HN,Sound 3,9,21.767,4.22,72.56,11.84,0,277,November
211122-9,VF121321_103215,day0_trial5,Chamber1,Control,male,APOE22HN,Shock 1,0,0,0,0,537.3,0,1910,November
211122-9,VF121321_103215,day0_trial5,Chamber1,Control,male,APOE22HN,Shock 2,0,0,0,0,481.53,0,2389,November
211122-9,VF121321_103215,day0_trial5,Chamber1,Control,male,APOE22HN,Shock 3,0,0,0,0,460.7,0,1991,November
,,,,,,,,,,,,,,,
211122-10,VF121321_103215,day0_trial5,Chamber 2,Control,male,APOE22HN,Sound 1,2,1.167,0.23,3.89,390.48,0,1867,November
211122-10,VF121321_103215,day0_trial5,Chamber 2,Control,male,APOE22HN,Sound 2,3,2.167,0.42,7.22,259.86,0,1238,November
211122-10,VF121321_103215,day0_trial5,Chamber 2,Control,male,APOE22HN,Sound 3,10,9.167,1.78,30.56,120.1,0,953,November
211122-10,VF121321_103215,day0_trial5,Chamber 2,Control,male,APOE22HN,Shock 1,0,0,0,0,1167.58,109,2376,November
211122-10,VF121321_103215,day0_trial5,Chamber 2,Control,male,APOE22HN,Shock 2,0,0,0,0,1067.93,114,2362,November
211122-10,VF121321_103215,day0_trial5,Chamber 2,Control,male,APOE22HN,Shock 3,0,0,0,0,1239.15,37,4189,November
,,,,,,,,,,,,,,,
211122-11,VF121321_104355,day0_trial6,Chamber1,Control,male,APOE22HN,Sound 1,5,2.7,0.52,9,92.01,0,907,November
211122-11,VF121321_104355,day0_trial6,Chamber1,Control,male,APOE22HN,Sound 2,16,18.533,3.59,61.78,11.43,0,154,November
211122-11,VF121321_104355,day0_trial6,Chamber1,Control,male,APOE22HN,Sound 3,17,22.8,4.42,76,6.55,0,117,November
211122-11,VF121321_104355,day0_trial6,Chamber1,Control,male,APOE22HN,Shock 1,0,0,0,0,393.13,31,1203,November
211122-11,VF121321_104355,day0_trial6,Chamber1,Control,male,APOE22HN,Shock 2,0,0,0,0,388.12,0,1019,November
211122-11,VF121321_104355,day0_trial6,Chamber1,Control,male,APOE22HN,Shock 3,0,0,0,0,238.25,20,817,November
,,,,,,,,,,,,,,,
211122-12,VF121321_104355,day0_trial6,Chamber 2,Control,male,APOE22HN,Sound 1,0,0,0,0,337.67,0,1487,November
211122-12,VF121321_104355,day0_trial6,Chamber 2,Control,male,APOE22HN,Sound 2,6,2.9,0.56,9.67,156.11,0,1037,November
211122-12,VF121321_104355,day0_trial6,Chamber 2,Control,male,APOE22HN,Sound 3,16,17.767,3.44,59.22,21.6,0,237,November
211122-12,VF121321_104355,day0_trial6,Chamber 2,Control,male,APOE22HN,Shock 1,0,0,0,0,1083.23,63,2550,November
211122-12,VF121321_104355,day0_trial6,Chamber 2,Control,male,APOE22HN,Shock 2,0,0,0,0,1114.13,0,3194,November
211122-12,VF121321_104355,day0_trial6,Chamber 2,Control,male,APOE22HN,Shock 3,0,0,0,0,644.97,10,1844,November
,,,,,,,,,,,,,,,
211122-13,VF121321_105530,day0_trial7,Chamber1,Control,male,APOE22HN,Sound 1,14,11.2,2.17,37.33,43.27,0,526,November
211122-13,VF121321_105530,day0_trial7,Chamber1,Control,male,APOE22HN,Sound 2,9,15.167,2.94,50.56,29.06,0,601,November
211122-13,VF121321_105530,day0_trial7,Chamber1,Control,male,APOE22HN,Sound 3,7,26.167,5.07,87.22,2.65,0,103,November
211122-13,VF121321_105530,day0_trial7,Chamber1,Control,male,APOE22HN,Shock 1,0,0,0,0,394.15,15,1669,November
211122-13,VF121321_105530,day0_trial7,Chamber1,Control,male,APOE22HN,Shock 2,0,0,0,0,455.23,16,1421,November
211122-13,VF121321_105530,day0_trial7,Chamber1,Control,male,APOE22HN,Shock 3,0,0,0,0,473.7,0,2648,November
,,,,,,,,,,,,,,,
211122-14,VF121321_105530,day0_trial7,Chamber 2,Control,male,APOE22HN,Sound 1,1,0.4,0.08,1.33,388.62,0,1791,November
211122-14,VF121321_105530,day0_trial7,Chamber 2,Control,male,APOE22HN,Sound 2,16,8.9,1.72,29.67,135.01,0,1101,November
211122-14,VF121321_105530,day0_trial7,Chamber 2,Control,male,APOE22HN,Sound 3,18,15.067,2.92,50.22,60.86,0,546,November
211122-14,VF121321_105530,day0_trial7,Chamber 2,Control,male,APOE22HN,Shock 1,0,0,0,0,1419.18,146,5317,November
211122-14,VF121321_105530,day0_trial7,Chamber 2,Control,male,APOE22HN,Shock 2,0,0,0,0,909.78,113,3141,November
211122-14,VF121321_105530,day0_trial7,Chamber 2,Control,male,APOE22HN,Shock 3,0,0,0,0,1015.2,20,1807,November
,,,,,,,,,,,,,,,
211122-15,VF121321_110722,day0_trial8,Chamber1,Control,male,APOE22HN,Sound 1,0,0,0,0,98.1,0,1040,November
211122-15,VF121321_110722,day0_trial8,Chamber1,Control,male,APOE22HN,Sound 2,11,17.8,3.45,59.33,20.48,0,288,November
211122-15,VF121321_110722,day0_trial8,Chamber1,Control,male,APOE22HN,Sound 3,11,11.3,2.19,37.67,42.38,0,608,November
211122-15,VF121321_110722,day0_trial8,Chamber1,Control,male,APOE22HN,Shock 1,0,0,0,0,563.77,54,1948,November
211122-15,VF121321_110722,day0_trial8,Chamber1,Control,male,APOE22HN,Shock 2,0,0,0,0,498.37,0,1645,November
211122-15,VF121321_110722,day0_trial8,Chamber1,Control,male,APOE22HN,Shock 3,0,0,0,0,416.4,0,1231,November
,,,,,,,,,,,,,,,
211122-16,VF121321_110722,day0_trial8,Chamber 2,Control,male,APOE22HN,Sound 1,3,1.5,0.29,5,426.08,0,1659,November
211122-16,VF121321_110722,day0_trial8,Chamber 2,Control,male,APOE22HN,Sound 2,3,2.033,0.39,6.78,280.01,0,1292,November
211122-16,VF121321_110722,day0_trial8,Chamber 2,Control,male,APOE22HN,Sound 3,15,14.9,2.89,49.67,67.6,0,588,November
211122-16,VF121321_110722,day0_trial8,Chamber 2,Control,male,APOE22HN,Shock 1,0,0,0,0,981.62,152,3330,November
211122-16,VF121321_110722,day0_trial8,Chamber 2,Control,male,APOE22HN,Shock 2,0,0,0,0,623.77,3,1322,November
211122-16,VF121321_110722,day0_trial8,Chamber 2,Control,male,APOE22HN,Shock 3,0,0,0,0,778.57,0,2543,November
,,,,,,,,,,,,,,,
211122-23,VF121321_111855,day0_trial9,Chamber1,Control,male,APOE22HN,Sound 1,1,0.6,0.12,2,122.18,0,774,November
211122-23,VF121321_111855,day0_trial9,Chamber1,Control,male,APOE22HN,Sound 2,18,25.467,4.94,84.89,7.82,0,233,November
211122-23,VF121321_111855,day0_trial9,Chamber1,Control,male,APOE22HN,Sound 3,17,25.667,4.97,85.56,4.85,0,147,November
211122-23,VF121321_111855,day0_trial9,Chamber1,Control,male,APOE22HN,Shock 1,0,0,0,0,479.58,4,2215,November
211122-23,VF121321_111855,day0_trial9,Chamber1,Control,male,APOE22HN,Shock 2,0,0,0,0,654.23,4,2840,November
211122-23,VF121321_111855,day0_trial9,Chamber1,Control,male,APOE22HN,Shock 3,0,0,0,0,494.92,0,2083,November
,,,,,,,,,,,,,,,
211122-24,VF121321_111855,day0_trial9,Chamber 2,Control,male,APOE22HN,Sound 1,1,0.5,0.1,1.67,220.75,0,1549,November
211122-24,VF121321_111855,day0_trial9,Chamber 2,Control,male,APOE22HN,Sound 2,5,7.567,1.47,25.22,103.69,0,687,November
211122-24,VF121321_111855,day0_trial9,Chamber 2,Control,male,APOE22HN,Sound 3,9,12.1,2.34,40.33,38.32,0,300,November
211122-24,VF121321_111855,day0_trial9,Chamber 2,Control,male,APOE22HN,Shock 1,0,0,0,0,1029.23,77,2802,November
211122-24,VF121321_111855,day0_trial9,Chamber 2,Control,male,APOE22HN,Shock 2,0,0,0,0,1207.93,39,3430,November
211122-24,VF121321_111855,day0_trial9,Chamber 2,Control,male,APOE22HN,Shock 3,0,0,0,0,1255.8,0,3419,November
,,,,,,,,,,,,,,,
211122-25,VF121321_113029,day0_trial10,Chamber1,Control,male,APOE22HN,Sound 1,6,4.267,0.83,14.22,78.47,0,673,November
211122-25,VF121321_113029,day0_trial10,Chamber1,Control,male,APOE22HN,Sound 2,11,8.1,1.57,27,27.66,0,210,November
211122-25,VF121321_113029,day0_trial10,Chamber1,Control,male,APOE22HN,Sound 3,6,20.1,3.9,67,9.79,0,210,November
211122-25,VF121321_113029,day0_trial10,Chamber1,Control,male,APOE22HN,Shock 1,0,0,0,0,802.73,8,3737,November
211122-25,VF121321_113029,day0_trial10,Chamber1,Control,male,APOE22HN,Shock 2,0,0,0,0,685.18,20,2423,November
211122-25,VF121321_113029,day0_trial10,Chamber1,Control,male,APOE22HN,Shock 3,0,0,0,0,635.63,22,2470,November
,,,,,,,,,,,,,,,
211122-26,VF121321_113029,day0_trial10,Chamber 2,Control,female,APOE22HN,Sound 1,0,0,0,0,347.73,0,1649,November
211122-26,VF121321_113029,day0_trial10,Chamber 2,Control,female,APOE22HN,Sound 2,6,4.9,0.95,16.33,74.81,0,472,November
211122-26,VF121321_113029,day0_trial10,Chamber 2,Control,female,APOE22HN,Sound 3,11,19.867,3.85,66.22,22.98,0,404,November
211122-26,VF121321_113029,day0_trial10,Chamber 2,Control,female,APOE22HN,Shock 1,0,0,0,0,1214.07,146,3274,November
211122-26,VF121321_113029,day0_trial10,Chamber 2,Control,female,APOE22HN,Shock 2,0,0,0,0,1274.32,7,4034,November
211122-26,VF121321_113029,day0_trial10,Chamber 2,Control,female,APOE22HN,Shock 3,0,0,0,0,711.15,0,1681,November
,,,,,,,,,,,,,,,
211122-27,VF121321_114216,day0_trial11,Chamber1,Control,female,APOE22HN,Sound 1,10,8.2,1.59,27.33,82.86,0,576,November
211122-27,VF121321_114216,day0_trial11,Chamber1,Control,female,APOE22HN,Sound 2,17,15.867,3.07,52.89,22.88,0,566,November
211122-27,VF121321_114216,day0_trial11,Chamber1,Control,female,APOE22HN,Sound 3,10,25.833,5.01,86.11,3.42,0,166,November
211122-27,VF121321_114216,day0_trial11,Chamber1,Control,female,APOE22HN,Shock 1,0,0,0,0,484.55,33,2205,November
211122-27,VF121321_114216,day0_trial11,Chamber1,Control,female,APOE22HN,Shock 2,0,0,0,0,372.22,1,1113,November
211122-27,VF121321_114216,day0_trial11,Chamber1,Control,female,APOE22HN,Shock 3,0,0,0,0,317.22,0,1298,November
,,,,,,,,,,,,,,,
211122-28,VF121321_114216,day0_trial11,Chamber 2,Control,female,APOE22HN,Sound 1,0,0,0,0,325.74,1,1682,November
211122-28,VF121321_114216,day0_trial11,Chamber 2,Control,female,APOE22HN,Sound 2,3,2.2,0.43,7.33,222.85,0,1273,November
211122-28,VF121321_114216,day0_trial11,Chamber 2,Control,female,APOE22HN,Sound 3,6,16.867,3.27,56.22,98.88,0,1491,November
211122-28,VF121321_114216,day0_trial11,Chamber 2,Control,female,APOE22HN,Shock 1,0,0,0,0,1367.38,283,4072,November
211122-28,VF121321_114216,day0_trial11,Chamber 2,Control,female,APOE22HN,Shock 2,0,0,0,0,913.92,32,2323,November
211122-28,VF121321_114216,day0_trial11,Chamber 2,Control,female,APOE22HN,Shock 3,0,0,0,0,1124.32,10,3991,November